EnrollmentID,PersonalID,ProjectID,EntryDate,HouseholdID,RelationshipToHoH,EnrollmentCoC,LivingSituation,RentalSubsidyType,LengthOfStay,LOSUnderThreshold,PreviousStreetESSH,DateToStreetESSH,TimesHomelessPastThreeYears,MonthsHomelessPastThreeYears,DisablingCondition,DateOfEngagement,MoveInDate,DateOfPATHStatus,ClientEnrolledInPATH,ReasonNotEnrolled,PercentAMI,ReferralSource,CountOutreachReferralApproaches,DateOfBCPStatus,EligibleForRHY,ReasonNoServices,RunawayYouth,FormerWardChildWelfare,ChildWelfareYears,ChildWelfareMonths,FormerWardJuvenileJustice,JuvenileJusticeYears,JuvenileJusticeMonths,UnemploymentFam,MentalHealthDisorderFam,PhysicalDisabilityFam,AlcoholDrugUseDisorderFam,InsufficientIncome,IncarceratedParent,VAMCStation,TargetScreenReqd,TimeToHousingLoss,AnnualPercentAMI,LiteralHomelessHistory,ClientLeaseholder,HOHLeaseholder,SubsidyAtRisk,EvictionHistory,CriminalRecord,IncarceratedAdult,PrisonDischarge,SexOffender,DisabledHoH,CurrentPregnant,SingleParent,DependentUnder6,HH5Plus,CoCPrioritized,HPScreeningScore,ThresholdScore,MentalHealthConsultation,DateCreated,DateUpdated,UserID,DateDeleted,ExportID
E-A,C-1,P-1,2021-01-15,E-A,1,,,,,,,,,,,,,,,,,,,,,,,,,,,,,,,,,,,,,,,,,,,,,,,,,,,,,,,,,2019-12-01 00:00:00,2021-01-15 00:00:00,user,,XR-1
E-B,C-1,P-1,2021-01-15,E-B,1,,,,,,,,,,,,,,,,,,,,,,,,,,,,,,,,,,,,,,,,,,,,,,,,,,,,,,,,,2019-12-01 00:00:00,2021-01-15 00:00:00,user,,XR-1
E-C,C-1,P-1,2021-01-15,E-C,1,,,,,,,,,,,,,,,,,,,,,,,,,,,,,,,,,,,,,,,,,,,,,,,,,,,,,,,,,2019-12-01 00:00:00,2021-01-15 00:00:00,user,,XR-1
E-D,C-1,P-1,2021-01-15,E-D,1,,,,,,,,,,,,,,,,,,,,,,,,,,,,,,,,,,,,,,,,,,,,,,,,,,,,,,,,,2019-12-01 00:00:00,2021-01-15 00:00:00,user,,XR-1
E-E,C-1,P-1,2021-01-15,E-E,1,,,,,,,,,,,,,,,,,,,,,,,,,,,,,,,,,,,,,,,,,,,,,,,,,,,,,,,,,2019-12-01 00:00:00,2021-01-15 00:00:00,user,,XR-1
E-F,C-1,P-1,2021-01-15,E-F,1,,,,,,,,,,,,,,,,,,,,,,,,,,,,,,,,,,,,,,,,,,,,,,,,,,,,,,,,,2019-12-01 00:00:00,2021-01-15 00:00:00,user,,XR-1
E-G,C-1,P-1,2021-01-15,E-G,1,,,,,,,,,,,,,,,,,,,,,,,,,,,,,,,,,,,,,,,,,,,,,,,,,,,,,,,,,2019-12-01 00:00:00,2021-01-15 00:00:00,user,,XR-1
E-H,C-1,P-1,2021-01-15,E-H,1,,,,,,,,,,,,,,,,,,,,,,,,,,,,,,,,,,,,,,,,,,,,,,,,,,,,,,,,,2019-12-01 00:00:00,2021-01-15 00:00:00,user,,XR-1
E-I,C-1,P-1,2021-01-15,E-I,1,,,,,,,,,,,,,,,,,,,,,,,,,,,,,,,,,,,,,,,,,,,,,,,,,,,,,,,,,2019-12-01 00:00:00,2021-01-15 00:00:00,user,,XR-1
