client_first_name ,client_last_name ,address_line_1      ,address_line_2 ,city     ,state ,zip_code ,service_provder_company ,head_of_household ,was_the_client_screened_for_homelessness ,do_you_have_a_voucher ,if_yes_what_pha_issued_the_voucher ,if_yes_what_type_of_voucher_was_issued ,voucher_type_other ,what_housing_program_is_the_client_in ,housing_program_other ,date_vouchered_if_applicable ,date_of_referral_to_agency ,lease_start_date    ,city_of_unit ,income ,household_members ,household_members_under_18 ,household_members_over_62 ,client_birthdate    ,ada_needs ,race                                     ,gender ,ethnicity                       ,cal_optima_client_id ,dv_survivor ,most_recent_living_situation ,most_recent_living_situation_other ,housed_date         ,are_rental_arrears_owed ,rent_owed_rental_arrears ,total_time_housed ,hmis_id_if_applicable ,housed_after_18_months ,housed_after_24_months ,created_at          ,updated_at          ,deleted_at          ,client_id
Edwina            ,Keebler          ,182 O Conner Street ,Utica          ,New York ,NY    ,   39501 ,BlackB                  ,                1 ,                                       0 ,                    1 ,Anaheim Housing Authority          ,EHV                                    ,Other              ,Rapid Rehousing                       ,other                 ,2023-06-19 21:50:00          ,2023-06-19 21:50:00        ,2023-06-19 21:50:00 ,Anaheim      , 10000 ,                5 ,                         2 ,                        1 ,2023-06-19 21:50:00 ,        1 ,American Indian/Alaska Native/Indigenous ,Female ,Non-Hispanic/Non-Latin(a)(o)(x) ,Cal33456             ,          1 ,Sheltered Homeless           ,Sheltered Homeless                 ,2023-06-19 21:50:00 ,                      1 ,                  100.00 ,                5 ,12321ASW              ,                     1 ,                     1 ,2023-06-19 21:50:00 ,2023-06-19 21:50:00 ,                    ,        1
Cordon            ,Delineate        ,182 O Conner Street ,Utica          ,New York ,NY    ,   39501 ,BlackB                  ,                1 ,                                       0 ,                    1 ,Anaheim Housing Authority          ,EHV                                    ,Other              ,Rapid Rehousing                       ,other                 ,2023-06-19 21:50:00          ,2023-06-19 21:50:00        ,2023-06-19 21:50:00 ,Anaheim      , 10000 ,                5 ,                         2 ,                        1 ,2023-06-19 21:50:00 ,        1 ,American Indian/Alaska Native/Indigenous ,Female ,Non-Hispanic/Non-Latin(a)(o)(x) ,Cal33456             ,          1 ,Sheltered Homeless           ,Sheltered Homeless                 ,2023-06-19 21:50:00 ,                      1 ,                  100.00 ,                5 ,701303                ,                     1 ,                     1 ,2023-06-19 21:50:00 ,2023-06-19 21:50:00 ,                    ,        2
Formation         ,Cerulean         ,182 O Conner Street ,Utica          ,New York ,NY    ,   39501 ,BlackB                  ,                1 ,                                       0 ,                    1 ,Anaheim Housing Authority          ,EHV                                    ,Other              ,Rapid Rehousing                       ,other                 ,2023-06-19 21:50:00          ,2023-06-19 21:50:00        ,2023-06-19 21:50:00 ,Anaheim      , 10000 ,                5 ,                         2 ,                        1 ,2001-09-21 21:50:00,   ,        1 ,American Indian/Alaska Native/Indigenous ,Female ,Non-Hispanic/Non-Latin(a)(o)(x) ,Cal33456             ,          1 ,Sheltered Homeless           ,Sheltered Homeless                 ,2023-06-19 21:50:00 ,                      1 ,                  100.00 ,                5 ,                      ,                     1 ,                     1 ,2023-06-19 21:50:00 ,2023-06-19 21:50:00 ,                    ,        3
Fedwina            ,Feebler          ,182 O Conner Street ,Utica          ,New York ,NY    ,   39501 ,BlackB                  ,                1 ,                                       0 ,                    1 ,Anaheim Housing Authority          ,EHV                                    ,Other              ,Rapid Rehousing                       ,other                 ,2023-06-19 21:50:00          ,2023-06-19 21:50:00        ,2023-06-19 21:50:00 ,Anaheim      , 10000 ,                5 ,                         2 ,                        1 ,2023-06-19 21:50:00 ,        1 ,American Indian/Alaska Native/Indigenous ,Female ,Non-Hispanic/Non-Latin(a)(o)(x) ,Cal33456             ,          1 ,Sheltered Homeless           ,Sheltered Homeless                 ,2023-06-19 21:50:00 ,                      1 ,                  100.00 ,                5 ,                      ,                     1 ,                     1 ,2023-06-19 21:50:00 ,2023-06-19 21:50:00 ,2023-06-19 21:50:00 ,        4
