transaction_status,transaction_date,paid_date,transaction_id,client_id,provider_id,created_at,updated_at,deleted_at
Payment Info Received,2023-06-19 21:50:00,2023-06-19 21:50:00,1,1,1,2023-06-19 21:50:00,2023-06-19 21:50:00,
Payment Info Received,2023-06-19 21:50:00,2023-06-19 21:50:00,2,2,1,2023-06-19 21:50:00,2023-06-19 21:50:00,
Payment Info Received,2023-06-19 21:50:00,2023-06-19 21:50:00,3,3,1,2023-06-19 21:50:00,2023-06-19 21:50:00,
Payment Info Received,2023-06-19 21:50:00,2023-06-19 21:50:00,4,4,1,2023-06-19 21:50:00,2023-06-19 21:50:00,
