/**********************************************************

Script creates and populates LSA dictionary tables. 
Required only if using sp_LSAPersonDemoGraphics, but useful in 
validating values in LSA upload files and producing traditional
report tables. 

  ref_lsaFiles - updated 9/20/2018
    FileID, FileName (includes HMIS CSV PDDE files and LSA files)
  ref_lsaColumns - updated 9/20/2018
    FileID, ColumnID, ColumnName, DataType,
    Nullable (can the column have a null value when uploaded?), 
    and List (does the column have a limited list of valid predefined values?)
  ref_lsaValues - updated 9/28/2018 
    FileID, ColumnID, intValue (valid upload value), 
    and textValue (identifies what the intValue signifies in the upload for the column)

10/11/2018 - uploaded to github
    
***********************************************************/
    
if object_id ('FK_ref_lsaValues_ref_lsaColumns') is not null ALTER TABLE ref_lsaValues DROP CONSTRAINT FK_ref_lsaValues_ref_lsaColumns
;
if object_id ('FK_ref_lsaColumns_ref_lsaFiles') is not null ALTER TABLE ref_lsaColumns DROP CONSTRAINT FK_ref_lsaColumns_ref_lsaFiles
;
if object_id ('ref_lsaValues') is not null drop table ref_lsaValues
;
if object_id ('ref_lsaColumns') is not null drop table ref_lsaColumns
;
if object_id ('ref_lsaFiles') is not null drop table ref_lsaFiles
;
create table ref_lsaFiles (
  FileNumber int not null
  , FileName varchar(255)
  , PRIMARY KEY (FileNumber)
)
;
create table ref_lsaColumns (
  FileNumber int not null
  , ColumnNumber int not null
  , ColumnName varchar(255)
  , DataType varchar(50) not null
  , Nullable bit not null
  , List bit not null
  , PRIMARY KEY (FileNumber, ColumnNumber)
)
;
create table ref_lsaValues (
  FileNumber int not null
  , ColumnNumber int not null
  , intValue int not null
  , textValue varchar(255) not null
  , PRIMARY KEY (FileNumber, ColumnNumber, intValue)
)
;
ALTER TABLE ref_lsaValues  WITH CHECK ADD  CONSTRAINT FK_ref_lsaValues_ref_lsaColumns FOREIGN KEY(FileNumber, ColumnNumber)
REFERENCES ref_lsaColumns (FileNumber, ColumnNumber)
;
ALTER TABLE ref_lsaValues CHECK CONSTRAINT FK_ref_lsaValues_ref_lsaColumns
;
ALTER TABLE ref_lsaColumns  WITH CHECK ADD  CONSTRAINT FK_ref_lsaColumns_ref_lsaFiles FOREIGN KEY(FileNumber)
REFERENCES ref_lsaFiles (FileNumber)
;
ALTER TABLE ref_lsaColumns CHECK CONSTRAINT FK_ref_lsaColumns_ref_lsaFiles
;


--Populate ref_lsaFiles
insert into ref_lsaFiles (FileNumber, FileName) values (1,'LSAReport')
insert into ref_lsaFiles (FileNumber, FileName) values (2,'LSAHousehold')
insert into ref_lsaFiles (FileNumber, FileName) values (3,'LSAPerson')
insert into ref_lsaFiles (FileNumber, FileName) values (4,'LSAExit')
insert into ref_lsaFiles (FileNumber, FileName) values (5,'LSACalculated')
insert into ref_lsaFiles (FileNumber, FileName) values (10,'Organization')
insert into ref_lsaFiles (FileNumber, FileName) values (11,'Project')
insert into ref_lsaFiles (FileNumber, FileName) values (12,'Funder')
insert into ref_lsaFiles (FileNumber, FileName) values (13,'Inventory')
insert into ref_lsaFiles (FileNumber, FileName) values (14,'Geography')
insert into ref_lsaFiles (FileNumber, FileName) values (99,'LSAHDXOnly')

--populate ref_lsaColumns
insert into ref_lsaColumns (FileNumber, ColumnNumber, ColumnName, DataType, Nullable, List) values (1, 1, 'ReportID', 'int', 0, 0)
insert into ref_lsaColumns (FileNumber, ColumnNumber, ColumnName, DataType, Nullable, List) values (1, 2, 'ReportDate', 'datetime', 0, 0)
insert into ref_lsaColumns (FileNumber, ColumnNumber, ColumnName, DataType, Nullable, List) values (1, 3, 'ReportStart', 'date', 0, 0)
insert into ref_lsaColumns (FileNumber, ColumnNumber, ColumnName, DataType, Nullable, List) values (1, 4, 'ReportEnd', 'date', 0, 0)
insert into ref_lsaColumns (FileNumber, ColumnNumber, ColumnName, DataType, Nullable, List) values (1, 5, 'ReportCoC', 'varchar(6)', 0, 0)
insert into ref_lsaColumns (FileNumber, ColumnNumber, ColumnName, DataType, Nullable, List) values (1, 6, 'SoftwareVendor', 'varchar(50)', 0, 0)
insert into ref_lsaColumns (FileNumber, ColumnNumber, ColumnName, DataType, Nullable, List) values (1, 7, 'SoftwareName', 'varchar(50)', 0, 0)
insert into ref_lsaColumns (FileNumber, ColumnNumber, ColumnName, DataType, Nullable, List) values (1, 8, 'VendorContact', 'varchar(50)', 0, 0)
insert into ref_lsaColumns (FileNumber, ColumnNumber, ColumnName, DataType, Nullable, List) values (1, 9, 'VendorEmail', 'varchar(50)', 0, 0)
insert into ref_lsaColumns (FileNumber, ColumnNumber, ColumnName, DataType, Nullable, List) values (1, 10, 'LSAScope', 'int', 0, 1)
insert into ref_lsaColumns (FileNumber, ColumnNumber, ColumnName, DataType, Nullable, List) values (1, 11, 'UnduplicatedClient1', 'int', 0, 0)
insert into ref_lsaColumns (FileNumber, ColumnNumber, ColumnName, DataType, Nullable, List) values (1, 12, 'UnduplicatedClient3', 'int', 0, 0)
insert into ref_lsaColumns (FileNumber, ColumnNumber, ColumnName, DataType, Nullable, List) values (1, 13, 'UnduplicatedAdult1', 'int', 0, 0)
insert into ref_lsaColumns (FileNumber, ColumnNumber, ColumnName, DataType, Nullable, List) values (1, 14, 'UnduplicatedAdult3', 'int', 0, 0)
insert into ref_lsaColumns (FileNumber, ColumnNumber, ColumnName, DataType, Nullable, List) values (1, 15, 'AdultHoHEntry1', 'int', 0, 0)
insert into ref_lsaColumns (FileNumber, ColumnNumber, ColumnName, DataType, Nullable, List) values (1, 16, 'AdultHoHEntry3', 'int', 0, 0)
insert into ref_lsaColumns (FileNumber, ColumnNumber, ColumnName, DataType, Nullable, List) values (1, 17, 'ClientEntry1', 'int', 0, 0)
insert into ref_lsaColumns (FileNumber, ColumnNumber, ColumnName, DataType, Nullable, List) values (1, 18, 'ClientEntry3', 'int', 0, 0)
insert into ref_lsaColumns (FileNumber, ColumnNumber, ColumnName, DataType, Nullable, List) values (1, 19, 'ClientExit1', 'int', 0, 0)
insert into ref_lsaColumns (FileNumber, ColumnNumber, ColumnName, DataType, Nullable, List) values (1, 20, 'ClientExit3', 'int', 0, 0)
insert into ref_lsaColumns (FileNumber, ColumnNumber, ColumnName, DataType, Nullable, List) values (1, 21, 'Household1', 'int', 0, 0)
insert into ref_lsaColumns (FileNumber, ColumnNumber, ColumnName, DataType, Nullable, List) values (1, 22, 'Household3', 'int', 0, 0)
insert into ref_lsaColumns (FileNumber, ColumnNumber, ColumnName, DataType, Nullable, List) values (1, 23, 'HoHPermToPH1', 'int', 0, 0)
insert into ref_lsaColumns (FileNumber, ColumnNumber, ColumnName, DataType, Nullable, List) values (1, 24, 'HoHPermToPH3', 'int', 0, 0)
insert into ref_lsaColumns (FileNumber, ColumnNumber, ColumnName, DataType, Nullable, List) values (1, 25, 'NoCoC', 'int', 0, 0)
insert into ref_lsaColumns (FileNumber, ColumnNumber, ColumnName, DataType, Nullable, List) values (1, 26, 'SSNNotProvided', 'int', 0, 0)
insert into ref_lsaColumns (FileNumber, ColumnNumber, ColumnName, DataType, Nullable, List) values (1, 27, 'SSNMissingOrInvalid', 'int', 0, 0)
insert into ref_lsaColumns (FileNumber, ColumnNumber, ColumnName, DataType, Nullable, List) values (1, 28, 'ClientSSNNotUnique', 'int', 0, 0)
insert into ref_lsaColumns (FileNumber, ColumnNumber, ColumnName, DataType, Nullable, List) values (1, 29, 'DistinctSSNValueNotUnique', 'int', 0, 0)
insert into ref_lsaColumns (FileNumber, ColumnNumber, ColumnName, DataType, Nullable, List) values (1, 30, 'DOB1', 'int', 0, 0)
insert into ref_lsaColumns (FileNumber, ColumnNumber, ColumnName, DataType, Nullable, List) values (1, 31, 'DOB3', 'int', 0, 0)
insert into ref_lsaColumns (FileNumber, ColumnNumber, ColumnName, DataType, Nullable, List) values (1, 32, 'Gender1', 'int', 0, 0)
insert into ref_lsaColumns (FileNumber, ColumnNumber, ColumnName, DataType, Nullable, List) values (1, 33, 'Gender3', 'int', 0, 0)
insert into ref_lsaColumns (FileNumber, ColumnNumber, ColumnName, DataType, Nullable, List) values (1, 34, 'Race1', 'int', 0, 0)
insert into ref_lsaColumns (FileNumber, ColumnNumber, ColumnName, DataType, Nullable, List) values (1, 35, 'Race3', 'int', 0, 0)
insert into ref_lsaColumns (FileNumber, ColumnNumber, ColumnName, DataType, Nullable, List) values (1, 36, 'Ethnicity1', 'int', 0, 0)
insert into ref_lsaColumns (FileNumber, ColumnNumber, ColumnName, DataType, Nullable, List) values (1, 37, 'Ethnicity3', 'int', 0, 0)
insert into ref_lsaColumns (FileNumber, ColumnNumber, ColumnName, DataType, Nullable, List) values (1, 38, 'VetStatus1', 'int', 0, 0)
insert into ref_lsaColumns (FileNumber, ColumnNumber, ColumnName, DataType, Nullable, List) values (1, 39, 'VetStatus3', 'int', 0, 0)
insert into ref_lsaColumns (FileNumber, ColumnNumber, ColumnName, DataType, Nullable, List) values (1, 40, 'RelationshipToHoH1', 'int', 0, 0)
insert into ref_lsaColumns (FileNumber, ColumnNumber, ColumnName, DataType, Nullable, List) values (1, 41, 'RelationshipToHoH3', 'int', 0, 0)
insert into ref_lsaColumns (FileNumber, ColumnNumber, ColumnName, DataType, Nullable, List) values (1, 42, 'DisablingCond1', 'int', 0, 0)
insert into ref_lsaColumns (FileNumber, ColumnNumber, ColumnName, DataType, Nullable, List) values (1, 43, 'DisablingCond3', 'int', 0, 0)
insert into ref_lsaColumns (FileNumber, ColumnNumber, ColumnName, DataType, Nullable, List) values (1, 44, 'LivingSituation1', 'int', 0, 0)
insert into ref_lsaColumns (FileNumber, ColumnNumber, ColumnName, DataType, Nullable, List) values (1, 45, 'LivingSituation3', 'int', 0, 0)
insert into ref_lsaColumns (FileNumber, ColumnNumber, ColumnName, DataType, Nullable, List) values (1, 46, 'LengthOfStay1', 'int', 0, 0)
insert into ref_lsaColumns (FileNumber, ColumnNumber, ColumnName, DataType, Nullable, List) values (1, 47, 'LengthOfStay3', 'int', 0, 0)
insert into ref_lsaColumns (FileNumber, ColumnNumber, ColumnName, DataType, Nullable, List) values (1, 48, 'HomelessDate1', 'int', 0, 0)
insert into ref_lsaColumns (FileNumber, ColumnNumber, ColumnName, DataType, Nullable, List) values (1, 49, 'HomelessDate3', 'int', 0, 0)
insert into ref_lsaColumns (FileNumber, ColumnNumber, ColumnName, DataType, Nullable, List) values (1, 50, 'TimesHomeless1', 'int', 0, 0)
insert into ref_lsaColumns (FileNumber, ColumnNumber, ColumnName, DataType, Nullable, List) values (1, 51, 'TimesHomeless3', 'int', 0, 0)
insert into ref_lsaColumns (FileNumber, ColumnNumber, ColumnName, DataType, Nullable, List) values (1, 52, 'MonthsHomeless1', 'int', 0, 0)
insert into ref_lsaColumns (FileNumber, ColumnNumber, ColumnName, DataType, Nullable, List) values (1, 53, 'MonthsHomeless3', 'int', 0, 0)
insert into ref_lsaColumns (FileNumber, ColumnNumber, ColumnName, DataType, Nullable, List) values (1, 54, 'DV1', 'int', 0, 0)
insert into ref_lsaColumns (FileNumber, ColumnNumber, ColumnName, DataType, Nullable, List) values (1, 55, 'DV3', 'int', 0, 0)
insert into ref_lsaColumns (FileNumber, ColumnNumber, ColumnName, DataType, Nullable, List) values (1, 56, 'Destination1', 'int', 0, 0)
insert into ref_lsaColumns (FileNumber, ColumnNumber, ColumnName, DataType, Nullable, List) values (1, 57, 'Destination3', 'int', 0, 0)
insert into ref_lsaColumns (FileNumber, ColumnNumber, ColumnName, DataType, Nullable, List) values (1, 58, 'NotOneHoH1', 'int', 0, 0)
insert into ref_lsaColumns (FileNumber, ColumnNumber, ColumnName, DataType, Nullable, List) values (1, 59, 'NotOneHoH3', 'int', 0, 0)
insert into ref_lsaColumns (FileNumber, ColumnNumber, ColumnName, DataType, Nullable, List) values (1, 60, 'MoveInDate1', 'int', 0, 0)
insert into ref_lsaColumns (FileNumber, ColumnNumber, ColumnName, DataType, Nullable, List) values (1, 61, 'MoveInDate3', 'int', 0, 0)
insert into ref_lsaColumns (FileNumber, ColumnNumber, ColumnName, DataType, Nullable, List) values (2, 1, 'RowTotal', 'int', 0, 0)
insert into ref_lsaColumns (FileNumber, ColumnNumber, ColumnName, DataType, Nullable, List) values (2, 2, 'Stat', 'int', 0, 1)
insert into ref_lsaColumns (FileNumber, ColumnNumber, ColumnName, DataType, Nullable, List) values (2, 3, 'ReturnTime', 'int', 0, 1)
insert into ref_lsaColumns (FileNumber, ColumnNumber, ColumnName, DataType, Nullable, List) values (2, 4, 'HHType', 'int', 0, 1)
insert into ref_lsaColumns (FileNumber, ColumnNumber, ColumnName, DataType, Nullable, List) values (2, 5, 'HHChronic', 'int', 0, 1)
insert into ref_lsaColumns (FileNumber, ColumnNumber, ColumnName, DataType, Nullable, List) values (2, 6, 'HHVet', 'int', 0, 1)
insert into ref_lsaColumns (FileNumber, ColumnNumber, ColumnName, DataType, Nullable, List) values (2, 7, 'HHDisability', 'int', 0, 1)
insert into ref_lsaColumns (FileNumber, ColumnNumber, ColumnName, DataType, Nullable, List) values (2, 8, 'HHFleeingDV', 'int', 0, 1)
insert into ref_lsaColumns (FileNumber, ColumnNumber, ColumnName, DataType, Nullable, List) values (2, 9, 'HoHRace', 'int', 0, 1)
insert into ref_lsaColumns (FileNumber, ColumnNumber, ColumnName, DataType, Nullable, List) values (2, 10, 'HoHEthnicity', 'int', 0, 1)
insert into ref_lsaColumns (FileNumber, ColumnNumber, ColumnName, DataType, Nullable, List) values (2, 11, 'HHAdult', 'int', 0, 1)
insert into ref_lsaColumns (FileNumber, ColumnNumber, ColumnName, DataType, Nullable, List) values (2, 12, 'HHChild', 'int', 0, 1)
insert into ref_lsaColumns (FileNumber, ColumnNumber, ColumnName, DataType, Nullable, List) values (2, 13, 'HHNoDOB', 'int', 0, 1)
insert into ref_lsaColumns (FileNumber, ColumnNumber, ColumnName, DataType, Nullable, List) values (2, 14, 'HHAdultAge', 'int', 0, 1)
insert into ref_lsaColumns (FileNumber, ColumnNumber, ColumnName, DataType, Nullable, List) values (2, 15, 'HHParent', 'int', 0, 1)
insert into ref_lsaColumns (FileNumber, ColumnNumber, ColumnName, DataType, Nullable, List) values (2, 16, 'ESTStatus', 'int', 0, 1)
insert into ref_lsaColumns (FileNumber, ColumnNumber, ColumnName, DataType, Nullable, List) values (2, 17, 'RRHStatus', 'int', 0, 1)
insert into ref_lsaColumns (FileNumber, ColumnNumber, ColumnName, DataType, Nullable, List) values (2, 18, 'RRHMoveIn', 'int', 0, 1)
insert into ref_lsaColumns (FileNumber, ColumnNumber, ColumnName, DataType, Nullable, List) values (2, 19, 'PSHStatus', 'int', 0, 1)
insert into ref_lsaColumns (FileNumber, ColumnNumber, ColumnName, DataType, Nullable, List) values (2, 20, 'PSHMoveIn', 'int', 0, 1)
insert into ref_lsaColumns (FileNumber, ColumnNumber, ColumnName, DataType, Nullable, List) values (2, 21, 'ESDays', 'int', 0, 1)
insert into ref_lsaColumns (FileNumber, ColumnNumber, ColumnName, DataType, Nullable, List) values (2, 22, 'THDays', 'int', 0, 1)
insert into ref_lsaColumns (FileNumber, ColumnNumber, ColumnName, DataType, Nullable, List) values (2, 23, 'ESTDays', 'int', 0, 1)
insert into ref_lsaColumns (FileNumber, ColumnNumber, ColumnName, DataType, Nullable, List) values (2, 24, 'ESTGeography', 'int', 0, 1)
insert into ref_lsaColumns (FileNumber, ColumnNumber, ColumnName, DataType, Nullable, List) values (2, 25, 'ESTLivingSit', 'int', 0, 1)
insert into ref_lsaColumns (FileNumber, ColumnNumber, ColumnName, DataType, Nullable, List) values (2, 26, 'ESTDestination', 'int', 0, 1)
insert into ref_lsaColumns (FileNumber, ColumnNumber, ColumnName, DataType, Nullable, List) values (2, 27, 'RRHPreMoveInDays', 'int', 0, 1)
insert into ref_lsaColumns (FileNumber, ColumnNumber, ColumnName, DataType, Nullable, List) values (2, 28, 'RRHPSHPreMoveInDays', 'int', 0, 1)
insert into ref_lsaColumns (FileNumber, ColumnNumber, ColumnName, DataType, Nullable, List) values (2, 29, 'RRHHousedDays', 'int', 0, 1)
insert into ref_lsaColumns (FileNumber, ColumnNumber, ColumnName, DataType, Nullable, List) values (2, 30, 'SystemDaysNotPSHHoused', 'int', 0, 1)
insert into ref_lsaColumns (FileNumber, ColumnNumber, ColumnName, DataType, Nullable, List) values (2, 31, 'RRHGeography', 'int', 0, 1)
insert into ref_lsaColumns (FileNumber, ColumnNumber, ColumnName, DataType, Nullable, List) values (2, 32, 'RRHLivingSit', 'int', 0, 1)
insert into ref_lsaColumns (FileNumber, ColumnNumber, ColumnName, DataType, Nullable, List) values (2, 33, 'RRHDestination', 'int', 0, 1)
insert into ref_lsaColumns (FileNumber, ColumnNumber, ColumnName, DataType, Nullable, List) values (2, 34, 'SystemHomelessDays', 'int', 0, 1)
insert into ref_lsaColumns (FileNumber, ColumnNumber, ColumnName, DataType, Nullable, List) values (2, 35, 'Other3917Days', 'int', 0, 1)
insert into ref_lsaColumns (FileNumber, ColumnNumber, ColumnName, DataType, Nullable, List) values (2, 36, 'TotalHomelessDays', 'int', 0, 1)
insert into ref_lsaColumns (FileNumber, ColumnNumber, ColumnName, DataType, Nullable, List) values (2, 37, 'PSHGeography', 'int', 0, 1)
insert into ref_lsaColumns (FileNumber, ColumnNumber, ColumnName, DataType, Nullable, List) values (2, 38, 'PSHLivingSit', 'int', 0, 1)
insert into ref_lsaColumns (FileNumber, ColumnNumber, ColumnName, DataType, Nullable, List) values (2, 39, 'PSHDestination', 'int', 0, 1)
insert into ref_lsaColumns (FileNumber, ColumnNumber, ColumnName, DataType, Nullable, List) values (2, 40, 'PSHHousedDays', 'int', 0, 1)
insert into ref_lsaColumns (FileNumber, ColumnNumber, ColumnName, DataType, Nullable, List) values (2, 41, 'SystemPath', 'int', 0, 1)
insert into ref_lsaColumns (FileNumber, ColumnNumber, ColumnName, DataType, Nullable, List) values (2, 42, 'ReportID', 'int', 0, 0)
insert into ref_lsaColumns (FileNumber, ColumnNumber, ColumnName, DataType, Nullable, List) values (3, 1, 'RowTotal', 'int', 0, 0)
insert into ref_lsaColumns (FileNumber, ColumnNumber, ColumnName, DataType, Nullable, List) values (3, 2, 'Age', 'int', 0, 1)
insert into ref_lsaColumns (FileNumber, ColumnNumber, ColumnName, DataType, Nullable, List) values (3, 3, 'Gender', 'int', 0, 1)
insert into ref_lsaColumns (FileNumber, ColumnNumber, ColumnName, DataType, Nullable, List) values (3, 4, 'Race', 'int', 0, 1)
insert into ref_lsaColumns (FileNumber, ColumnNumber, ColumnName, DataType, Nullable, List) values (3, 5, 'Ethnicity', 'int', 0, 1)
insert into ref_lsaColumns (FileNumber, ColumnNumber, ColumnName, DataType, Nullable, List) values (3, 6, 'VetStatus', 'int', 0, 1)
insert into ref_lsaColumns (FileNumber, ColumnNumber, ColumnName, DataType, Nullable, List) values (3, 7, 'DisabilityStatus', 'int', 0, 1)
insert into ref_lsaColumns (FileNumber, ColumnNumber, ColumnName, DataType, Nullable, List) values (3, 8, 'CHTime', 'int', 0, 1)
insert into ref_lsaColumns (FileNumber, ColumnNumber, ColumnName, DataType, Nullable, List) values (3, 9, 'CHTimeStatus', 'int', 0, 1)
insert into ref_lsaColumns (FileNumber, ColumnNumber, ColumnName, DataType, Nullable, List) values (3, 10, 'DVStatus', 'int', 0, 1)
insert into ref_lsaColumns (FileNumber, ColumnNumber, ColumnName, DataType, Nullable, List) values (3, 11, 'HHTypeEST', 'int', 0, 1)
insert into ref_lsaColumns (FileNumber, ColumnNumber, ColumnName, DataType, Nullable, List) values (3, 12, 'HoHEST', 'int', 0, 1)
insert into ref_lsaColumns (FileNumber, ColumnNumber, ColumnName, DataType, Nullable, List) values (3, 13, 'HHTypeRRH', 'int', 0, 1)
insert into ref_lsaColumns (FileNumber, ColumnNumber, ColumnName, DataType, Nullable, List) values (3, 14, 'HoHRRH', 'int', 0, 1)
insert into ref_lsaColumns (FileNumber, ColumnNumber, ColumnName, DataType, Nullable, List) values (3, 15, 'HHTypePSH', 'int', 0, 1)
insert into ref_lsaColumns (FileNumber, ColumnNumber, ColumnName, DataType, Nullable, List) values (3, 16, 'HoHPSH', 'int', 0, 1)
insert into ref_lsaColumns (FileNumber, ColumnNumber, ColumnName, DataType, Nullable, List) values (3, 17, 'HHChronic', 'int', 0, 1)
insert into ref_lsaColumns (FileNumber, ColumnNumber, ColumnName, DataType, Nullable, List) values (3, 18, 'HHVet', 'int', 0, 1)
insert into ref_lsaColumns (FileNumber, ColumnNumber, ColumnName, DataType, Nullable, List) values (3, 19, 'HHDisability', 'int', 0, 1)
insert into ref_lsaColumns (FileNumber, ColumnNumber, ColumnName, DataType, Nullable, List) values (3, 20, 'HHFleeingDV', 'int', 0, 1)
insert into ref_lsaColumns (FileNumber, ColumnNumber, ColumnName, DataType, Nullable, List) values (3, 21, 'HHAdultAge', 'int', 0, 1)
insert into ref_lsaColumns (FileNumber, ColumnNumber, ColumnName, DataType, Nullable, List) values (3, 22, 'HHParent', 'int', 0, 1)
insert into ref_lsaColumns (FileNumber, ColumnNumber, ColumnName, DataType, Nullable, List) values (3, 23, 'AC3Plus', 'int', 0, 1)
insert into ref_lsaColumns (FileNumber, ColumnNumber, ColumnName, DataType, Nullable, List) values (3, 24, 'ReportID', 'int', 0, 0)
insert into ref_lsaColumns (FileNumber, ColumnNumber, ColumnName, DataType, Nullable, List) values (4, 1, 'RowTotal', 'int', 0, 0)
insert into ref_lsaColumns (FileNumber, ColumnNumber, ColumnName, DataType, Nullable, List) values (4, 2, 'Cohort', 'int', 0, 1)
insert into ref_lsaColumns (FileNumber, ColumnNumber, ColumnName, DataType, Nullable, List) values (4, 3, 'Stat', 'int', 0, 1)
insert into ref_lsaColumns (FileNumber, ColumnNumber, ColumnName, DataType, Nullable, List) values (4, 4, 'ExitFrom', 'int', 0, 1)
insert into ref_lsaColumns (FileNumber, ColumnNumber, ColumnName, DataType, Nullable, List) values (4, 5, 'ExitTo', 'int', 0, 1)
insert into ref_lsaColumns (FileNumber, ColumnNumber, ColumnName, DataType, Nullable, List) values (4, 6, 'ReturnTime', 'int', 0, 1)
insert into ref_lsaColumns (FileNumber, ColumnNumber, ColumnName, DataType, Nullable, List) values (4, 7, 'HHType', 'int', 0, 1)
insert into ref_lsaColumns (FileNumber, ColumnNumber, ColumnName, DataType, Nullable, List) values (4, 8, 'HHVet', 'int', 0, 1)
insert into ref_lsaColumns (FileNumber, ColumnNumber, ColumnName, DataType, Nullable, List) values (4, 9, 'HHDisability', 'int', 0, 1)
insert into ref_lsaColumns (FileNumber, ColumnNumber, ColumnName, DataType, Nullable, List) values (4, 10, 'HHFleeingDV', 'int', 0, 1)
insert into ref_lsaColumns (FileNumber, ColumnNumber, ColumnName, DataType, Nullable, List) values (4, 11, 'HoHRace', 'int', 0, 1)
insert into ref_lsaColumns (FileNumber, ColumnNumber, ColumnName, DataType, Nullable, List) values (4, 12, 'HoHEthnicity', 'int', 0, 1)
insert into ref_lsaColumns (FileNumber, ColumnNumber, ColumnName, DataType, Nullable, List) values (4, 13, 'HHAdultAge', 'int', 0, 1)
insert into ref_lsaColumns (FileNumber, ColumnNumber, ColumnName, DataType, Nullable, List) values (4, 14, 'HHParent', 'int', 0, 1)
insert into ref_lsaColumns (FileNumber, ColumnNumber, ColumnName, DataType, Nullable, List) values (4, 15, 'AC3Plus', 'int', 0, 1)
insert into ref_lsaColumns (FileNumber, ColumnNumber, ColumnName, DataType, Nullable, List) values (4, 16, 'SystemPath', 'int', 0, 1)
insert into ref_lsaColumns (FileNumber, ColumnNumber, ColumnName, DataType, Nullable, List) values (4, 17, 'ReportID', 'int', 0, 0)
insert into ref_lsaColumns (FileNumber, ColumnNumber, ColumnName, DataType, Nullable, List) values (5, 1, 'Value', 'int', 0, 0)
insert into ref_lsaColumns (FileNumber, ColumnNumber, ColumnName, DataType, Nullable, List) values (5, 2, 'Cohort', 'int', 0, 1)
insert into ref_lsaColumns (FileNumber, ColumnNumber, ColumnName, DataType, Nullable, List) values (5, 3, 'Universe', 'int', 0, 1)
insert into ref_lsaColumns (FileNumber, ColumnNumber, ColumnName, DataType, Nullable, List) values (5, 4, 'HHType', 'int', 0, 1)
insert into ref_lsaColumns (FileNumber, ColumnNumber, ColumnName, DataType, Nullable, List) values (5, 5, 'Population', 'int', 0, 1)
insert into ref_lsaColumns (FileNumber, ColumnNumber, ColumnName, DataType, Nullable, List) values (5, 6, 'SystemPath', 'int', 0, 1)
insert into ref_lsaColumns (FileNumber, ColumnNumber, ColumnName, DataType, Nullable, List) values (5, 7, 'ProjectID', 'varchar(32)', 1, 0)
insert into ref_lsaColumns (FileNumber, ColumnNumber, ColumnName, DataType, Nullable, List) values (5, 8, 'ReportRow', 'int', 0, 1)
insert into ref_lsaColumns (FileNumber, ColumnNumber, ColumnName, DataType, Nullable, List) values (5, 9, 'ReportID', 'int', 0, 0)
insert into ref_lsaColumns (FileNumber, ColumnNumber, ColumnName, DataType, Nullable, List) values (10, 1, 'OrganizationID', 'varchar(32)', 0, 0)
insert into ref_lsaColumns (FileNumber, ColumnNumber, ColumnName, DataType, Nullable, List) values (10, 2, 'OrganizationName', 'varchar(50)', 0, 0)
insert into ref_lsaColumns (FileNumber, ColumnNumber, ColumnName, DataType, Nullable, List) values (10, 3, 'OrganizationCommonName', 'varchar(50)', 1, 0)
insert into ref_lsaColumns (FileNumber, ColumnNumber, ColumnName, DataType, Nullable, List) values (10, 4, 'DateCreated', 'datetime', 0, 0)
insert into ref_lsaColumns (FileNumber, ColumnNumber, ColumnName, DataType, Nullable, List) values (10, 5, 'DateUpdated', 'datetime', 0, 0)
insert into ref_lsaColumns (FileNumber, ColumnNumber, ColumnName, DataType, Nullable, List) values (10, 6, 'UserID', 'varchar(32)', 1, 0)
insert into ref_lsaColumns (FileNumber, ColumnNumber, ColumnName, DataType, Nullable, List) values (10, 7, 'DateDeleted', 'datetime', 1, 0)
insert into ref_lsaColumns (FileNumber, ColumnNumber, ColumnName, DataType, Nullable, List) values (10, 8, 'ExportID', 'varchar(32)', 0, 0)
insert into ref_lsaColumns (FileNumber, ColumnNumber, ColumnName, DataType, Nullable, List) values (11, 1, 'ProjectID', 'varchar(32)', 0, 0)
insert into ref_lsaColumns (FileNumber, ColumnNumber, ColumnName, DataType, Nullable, List) values (11, 2, 'OrganizationID', 'varchar(32)', 0, 0)
insert into ref_lsaColumns (FileNumber, ColumnNumber, ColumnName, DataType, Nullable, List) values (11, 3, 'ProjectName', 'varchar(50)', 0, 0)
insert into ref_lsaColumns (FileNumber, ColumnNumber, ColumnName, DataType, Nullable, List) values (11, 4, 'ProjectCommonName', 'varchar(50)', 1, 0)
insert into ref_lsaColumns (FileNumber, ColumnNumber, ColumnName, DataType, Nullable, List) values (11, 5, 'OperatingStartDate', 'date', 0, 0)
insert into ref_lsaColumns (FileNumber, ColumnNumber, ColumnName, DataType, Nullable, List) values (11, 6, 'OperatingEndDate', 'date', 1, 0)
insert into ref_lsaColumns (FileNumber, ColumnNumber, ColumnName, DataType, Nullable, List) values (11, 7, 'ContinuumProject', 'int', 0, 1)
insert into ref_lsaColumns (FileNumber, ColumnNumber, ColumnName, DataType, Nullable, List) values (11, 8, 'ProjectType', 'int', 0, 1)
insert into ref_lsaColumns (FileNumber, ColumnNumber, ColumnName, DataType, Nullable, List) values (11, 9, 'ResidentialAffiliation', 'int', 1, 0)
insert into ref_lsaColumns (FileNumber, ColumnNumber, ColumnName, DataType, Nullable, List) values (11, 10, 'TrackingMethod', 'int', 1, 1)
insert into ref_lsaColumns (FileNumber, ColumnNumber, ColumnName, DataType, Nullable, List) values (11, 11, 'TargetPopulation', 'int', 1, 1)
insert into ref_lsaColumns (FileNumber, ColumnNumber, ColumnName, DataType, Nullable, List) values (11, 12, 'VictimServicesProvider', 'int', 0, 1)
insert into ref_lsaColumns (FileNumber, ColumnNumber, ColumnName, DataType, Nullable, List) values (11, 13, 'HousingType', 'int', 0, 1)
insert into ref_lsaColumns (FileNumber, ColumnNumber, ColumnName, DataType, Nullable, List) values (11, 14, 'PITCount', 'int', 1, 0)
insert into ref_lsaColumns (FileNumber, ColumnNumber, ColumnName, DataType, Nullable, List) values (11, 15, 'DateCreated', 'datetime', 0, 0)
insert into ref_lsaColumns (FileNumber, ColumnNumber, ColumnName, DataType, Nullable, List) values (11, 16, 'DateUpdated', 'datetime', 0, 0)
insert into ref_lsaColumns (FileNumber, ColumnNumber, ColumnName, DataType, Nullable, List) values (11, 17, 'UserID', 'varchar(32)', 1, 0)
insert into ref_lsaColumns (FileNumber, ColumnNumber, ColumnName, DataType, Nullable, List) values (11, 18, 'DateDeleted', 'datetime', 1, 0)
insert into ref_lsaColumns (FileNumber, ColumnNumber, ColumnName, DataType, Nullable, List) values (11, 19, 'ExportID', 'varchar(32)', 0, 0)
insert into ref_lsaColumns (FileNumber, ColumnNumber, ColumnName, DataType, Nullable, List) values (12, 1, 'FunderID', 'varchar(32)', 0, 0)
insert into ref_lsaColumns (FileNumber, ColumnNumber, ColumnName, DataType, Nullable, List) values (12, 2, 'ProjectID', 'varchar(32)', 0, 0)
insert into ref_lsaColumns (FileNumber, ColumnNumber, ColumnName, DataType, Nullable, List) values (12, 3, 'Funder', 'int', 0, 1)
insert into ref_lsaColumns (FileNumber, ColumnNumber, ColumnName, DataType, Nullable, List) values (12, 4, 'GrantID', 'varchar(32)', 1, 0)
insert into ref_lsaColumns (FileNumber, ColumnNumber, ColumnName, DataType, Nullable, List) values (12, 5, 'StartDate', 'date', 0, 0)
insert into ref_lsaColumns (FileNumber, ColumnNumber, ColumnName, DataType, Nullable, List) values (12, 6, 'EndDate', 'date', 1, 0)
insert into ref_lsaColumns (FileNumber, ColumnNumber, ColumnName, DataType, Nullable, List) values (12, 7, 'DateCreated', 'datetime', 0, 0)
insert into ref_lsaColumns (FileNumber, ColumnNumber, ColumnName, DataType, Nullable, List) values (12, 8, 'DateUpdated', 'datetime', 0, 0)
insert into ref_lsaColumns (FileNumber, ColumnNumber, ColumnName, DataType, Nullable, List) values (12, 9, 'UserID', 'varchar(32)', 1, 0)
insert into ref_lsaColumns (FileNumber, ColumnNumber, ColumnName, DataType, Nullable, List) values (12, 10, 'DateDeleted', 'datetime', 1, 0)
insert into ref_lsaColumns (FileNumber, ColumnNumber, ColumnName, DataType, Nullable, List) values (12, 11, 'ExportID', 'varchar(32)', 0, 0)
insert into ref_lsaColumns (FileNumber, ColumnNumber, ColumnName, DataType, Nullable, List) values (13, 1, 'InventoryID', 'varchar(32)', 0, 0)
insert into ref_lsaColumns (FileNumber, ColumnNumber, ColumnName, DataType, Nullable, List) values (13, 2, 'ProjectID', 'varchar(32)', 0, 0)
insert into ref_lsaColumns (FileNumber, ColumnNumber, ColumnName, DataType, Nullable, List) values (13, 3, 'CoCCode', 'varchar(6)', 0, 0)
insert into ref_lsaColumns (FileNumber, ColumnNumber, ColumnName, DataType, Nullable, List) values (13, 4, 'InformationDate', 'date', 0, 0)
insert into ref_lsaColumns (FileNumber, ColumnNumber, ColumnName, DataType, Nullable, List) values (13, 5, 'HouseholdType', 'int', 0, 1)
insert into ref_lsaColumns (FileNumber, ColumnNumber, ColumnName, DataType, Nullable, List) values (13, 6, 'Availability', 'int', 1, 1)
insert into ref_lsaColumns (FileNumber, ColumnNumber, ColumnName, DataType, Nullable, List) values (13, 7, 'UnitInventory', 'int', 0, 0)
insert into ref_lsaColumns (FileNumber, ColumnNumber, ColumnName, DataType, Nullable, List) values (13, 8, 'BedInventory', 'int', 0, 0)
insert into ref_lsaColumns (FileNumber, ColumnNumber, ColumnName, DataType, Nullable, List) values (13, 9, 'CHBedInventory', 'int', 1, 0)
insert into ref_lsaColumns (FileNumber, ColumnNumber, ColumnName, DataType, Nullable, List) values (13, 10, 'VetBedInventory', 'int', 1, 0)
insert into ref_lsaColumns (FileNumber, ColumnNumber, ColumnName, DataType, Nullable, List) values (13, 11, 'YouthBedInventory', 'int', 1, 0)
insert into ref_lsaColumns (FileNumber, ColumnNumber, ColumnName, DataType, Nullable, List) values (13, 12, 'BedType', 'int', 1, 1)
insert into ref_lsaColumns (FileNumber, ColumnNumber, ColumnName, DataType, Nullable, List) values (13, 13, 'InventoryStartDate', 'date', 0, 0)
insert into ref_lsaColumns (FileNumber, ColumnNumber, ColumnName, DataType, Nullable, List) values (13, 14, 'InventoryEndDate', 'date', 1, 0)
insert into ref_lsaColumns (FileNumber, ColumnNumber, ColumnName, DataType, Nullable, List) values (13, 15, 'HMISParticipatingBeds', 'int', 0, 0)
insert into ref_lsaColumns (FileNumber, ColumnNumber, ColumnName, DataType, Nullable, List) values (13, 16, 'DateCreated', 'datetime', 0, 0)
insert into ref_lsaColumns (FileNumber, ColumnNumber, ColumnName, DataType, Nullable, List) values (13, 17, 'DateUpdated', 'datetime', 0, 0)
insert into ref_lsaColumns (FileNumber, ColumnNumber, ColumnName, DataType, Nullable, List) values (13, 18, 'UserID', 'varchar(32)', 1, 0)
insert into ref_lsaColumns (FileNumber, ColumnNumber, ColumnName, DataType, Nullable, List) values (13, 19, 'DateDeleted', 'datetime', 1, 0)
insert into ref_lsaColumns (FileNumber, ColumnNumber, ColumnName, DataType, Nullable, List) values (13, 20, 'ExportID', 'varchar(32)', 0, 0)
insert into ref_lsaColumns (FileNumber, ColumnNumber, ColumnName, DataType, Nullable, List) values (14, 1, 'GeographyID', 'varchar(32)', 0, 0)
insert into ref_lsaColumns (FileNumber, ColumnNumber, ColumnName, DataType, Nullable, List) values (14, 2, 'ProjectID', 'varchar(32)', 0, 0)
insert into ref_lsaColumns (FileNumber, ColumnNumber, ColumnName, DataType, Nullable, List) values (14, 3, 'CoCCode', 'varchar(6)', 0, 0)
insert into ref_lsaColumns (FileNumber, ColumnNumber, ColumnName, DataType, Nullable, List) values (14, 4, 'InformationDate', 'date', 0, 0)
insert into ref_lsaColumns (FileNumber, ColumnNumber, ColumnName, DataType, Nullable, List) values (14, 5, 'Geocode', 'varchar(6)', 0, 0)
insert into ref_lsaColumns (FileNumber, ColumnNumber, ColumnName, DataType, Nullable, List) values (14, 6, 'GeographyType', 'int', 0, 1)
insert into ref_lsaColumns (FileNumber, ColumnNumber, ColumnName, DataType, Nullable, List) values (14, 7, 'Address1', 'varchar(100)', 1, 0)
insert into ref_lsaColumns (FileNumber, ColumnNumber, ColumnName, DataType, Nullable, List) values (14, 8, 'Address2', 'varchar(100)', 1, 0)
insert into ref_lsaColumns (FileNumber, ColumnNumber, ColumnName, DataType, Nullable, List) values (14, 9, 'City', 'varchar(50)', 1, 0)
insert into ref_lsaColumns (FileNumber, ColumnNumber, ColumnName, DataType, Nullable, List) values (14, 10, 'State', 'varchar(2)', 1, 1)
insert into ref_lsaColumns (FileNumber, ColumnNumber, ColumnName, DataType, Nullable, List) values (14, 11, 'ZIP', 'varchar(5)', 1, 0)
insert into ref_lsaColumns (FileNumber, ColumnNumber, ColumnName, DataType, Nullable, List) values (14, 12, 'DateCreated', 'datetime', 0, 0)
insert into ref_lsaColumns (FileNumber, ColumnNumber, ColumnName, DataType, Nullable, List) values (14, 13, 'DateUpdated', 'datetime', 0, 0)
insert into ref_lsaColumns (FileNumber, ColumnNumber, ColumnName, DataType, Nullable, List) values (14, 14, 'UserID', 'varchar(32)', 1, 0)
insert into ref_lsaColumns (FileNumber, ColumnNumber, ColumnName, DataType, Nullable, List) values (14, 15, 'DateDeleted', 'datetime', 1, 0)
insert into ref_lsaColumns (FileNumber, ColumnNumber, ColumnName, DataType, Nullable, List) values (14, 16, 'ExportID', 'varchar(32)', 0, 0)
insert into ref_lsaColumns (FileNumber, ColumnNumber, ColumnName, DataType, Nullable, List) values (99, 1, 'CHandDisability', 'int', 1, 1)
insert into ref_lsaColumns (FileNumber, ColumnNumber, ColumnName, DataType, Nullable, List) values (99, 2, 'HHComposition', 'int', 1, 1)

--Populate ref_lsaValues
insert into ref_lsaValues (FileNumber, ColumnNumber, intValue, textValue) values (1, 10,1, 'Systemwide')
insert into ref_lsaValues (FileNumber, ColumnNumber, intValue, textValue) values (1, 10,2, 'Project-focused')
insert into ref_lsaValues (FileNumber, ColumnNumber, intValue, textValue) values (2, 2,1, 'Engage with continuum for first time or after at least 730 days inactive')
insert into ref_lsaValues (FileNumber, ColumnNumber, intValue, textValue) values (2, 2,2, 'Return 15-730 days after exit to permanent destination')
insert into ref_lsaValues (FileNumber, ColumnNumber, intValue, textValue) values (2, 2,3, 'Re-engage 15-730 days after exit to temporary destination')
insert into ref_lsaValues (FileNumber, ColumnNumber, intValue, textValue) values (2, 2,4, 'Re-engage 15-730 days after exit to unknown destination')
insert into ref_lsaValues (FileNumber, ColumnNumber, intValue, textValue) values (2, 2,5, 'Continuously engaged')
insert into ref_lsaValues (FileNumber, ColumnNumber, intValue, textValue) values (2, 3,-1, 'Not applicable ')
insert into ref_lsaValues (FileNumber, ColumnNumber, intValue, textValue) values (2, 3,30, '15-30 days')
insert into ref_lsaValues (FileNumber, ColumnNumber, intValue, textValue) values (2, 3,60, '31-60 days')
insert into ref_lsaValues (FileNumber, ColumnNumber, intValue, textValue) values (2, 3,90, '61-90 days')
insert into ref_lsaValues (FileNumber, ColumnNumber, intValue, textValue) values (2, 3,180, '91-180 days')
insert into ref_lsaValues (FileNumber, ColumnNumber, intValue, textValue) values (2, 3,365, '181-365 days')
insert into ref_lsaValues (FileNumber, ColumnNumber, intValue, textValue) values (2, 3,547, '366-547 days')
insert into ref_lsaValues (FileNumber, ColumnNumber, intValue, textValue) values (2, 3,730, '548-730 days')
insert into ref_lsaValues (FileNumber, ColumnNumber, intValue, textValue) values (2, 4,1, 'AO (adult only)')
insert into ref_lsaValues (FileNumber, ColumnNumber, intValue, textValue) values (2, 4,2, 'AC (adult & child)')
insert into ref_lsaValues (FileNumber, ColumnNumber, intValue, textValue) values (2, 4,3, 'CO (child only)')
insert into ref_lsaValues (FileNumber, ColumnNumber, intValue, textValue) values (2, 4,99, 'UN (unknown)')
insert into ref_lsaValues (FileNumber, ColumnNumber, intValue, textValue) values (2, 5,0, 'No')
insert into ref_lsaValues (FileNumber, ColumnNumber, intValue, textValue) values (2, 5,1, 'Yes')
insert into ref_lsaValues (FileNumber, ColumnNumber, intValue, textValue) values (2, 6,0, 'No')
insert into ref_lsaValues (FileNumber, ColumnNumber, intValue, textValue) values (2, 6,1, 'HH includes veteran adult')
insert into ref_lsaValues (FileNumber, ColumnNumber, intValue, textValue) values (2, 7,0, 'No')
insert into ref_lsaValues (FileNumber, ColumnNumber, intValue, textValue) values (2, 7,1, 'HH includes disabled adult or HoH')
insert into ref_lsaValues (FileNumber, ColumnNumber, intValue, textValue) values (2, 8,0, 'No')
insert into ref_lsaValues (FileNumber, ColumnNumber, intValue, textValue) values (2, 8,1, 'HH is fleeing domestic violence')
insert into ref_lsaValues (FileNumber, ColumnNumber, intValue, textValue) values (2, 9,0, 'White, non-Hispanic/Latino')
insert into ref_lsaValues (FileNumber, ColumnNumber, intValue, textValue) values (2, 9,1, 'White, Hispanic/Latino')
insert into ref_lsaValues (FileNumber, ColumnNumber, intValue, textValue) values (2, 9,2, 'Black or African American ')
insert into ref_lsaValues (FileNumber, ColumnNumber, intValue, textValue) values (2, 9,3, 'Asian ')
insert into ref_lsaValues (FileNumber, ColumnNumber, intValue, textValue) values (2, 9,4, 'American Indian or Alaska Native ')
insert into ref_lsaValues (FileNumber, ColumnNumber, intValue, textValue) values (2, 9,5, 'Native Hawaiian / Other Pacific Islander')
insert into ref_lsaValues (FileNumber, ColumnNumber, intValue, textValue) values (2, 9,6, 'Multiple Races')
insert into ref_lsaValues (FileNumber, ColumnNumber, intValue, textValue) values (2, 9,98, 'Client doesn''t know/refused')
insert into ref_lsaValues (FileNumber, ColumnNumber, intValue, textValue) values (2, 9,99, 'Missing/invalid')
insert into ref_lsaValues (FileNumber, ColumnNumber, intValue, textValue) values (2, 10,0, 'Not Hispanic/Latino')
insert into ref_lsaValues (FileNumber, ColumnNumber, intValue, textValue) values (2, 10,1, 'Hispanic/Latino')
insert into ref_lsaValues (FileNumber, ColumnNumber, intValue, textValue) values (2, 10,98, 'Client doesn''t know/refused')
insert into ref_lsaValues (FileNumber, ColumnNumber, intValue, textValue) values (2, 10,99, 'Missing/invalid')
insert into ref_lsaValues (FileNumber, ColumnNumber, intValue, textValue) values (2, 11,0, 'None in household')
insert into ref_lsaValues (FileNumber, ColumnNumber, intValue, textValue) values (2, 11,1, '1 in household')
insert into ref_lsaValues (FileNumber, ColumnNumber, intValue, textValue) values (2, 11,2, '2 in household')
insert into ref_lsaValues (FileNumber, ColumnNumber, intValue, textValue) values (2, 11,3, '3 or more in household')
insert into ref_lsaValues (FileNumber, ColumnNumber, intValue, textValue) values (2, 12,0, 'No child in household')
insert into ref_lsaValues (FileNumber, ColumnNumber, intValue, textValue) values (2, 12,1, '1 child in household')
insert into ref_lsaValues (FileNumber, ColumnNumber, intValue, textValue) values (2, 12,2, '2 children in household')
insert into ref_lsaValues (FileNumber, ColumnNumber, intValue, textValue) values (2, 12,3, '3 or more children in household')
insert into ref_lsaValues (FileNumber, ColumnNumber, intValue, textValue) values (2, 13,0, '0 people with no DOB in HH')
insert into ref_lsaValues (FileNumber, ColumnNumber, intValue, textValue) values (2, 13,1, '1 person with no DOB in HH')
insert into ref_lsaValues (FileNumber, ColumnNumber, intValue, textValue) values (2, 13,2, '2 people with no DOB in HH')
insert into ref_lsaValues (FileNumber, ColumnNumber, intValue, textValue) values (2, 13,3, '3 or more people with no DOB in HH')
insert into ref_lsaValues (FileNumber, ColumnNumber, intValue, textValue) values (2, 14,-1, 'Not applicable')
insert into ref_lsaValues (FileNumber, ColumnNumber, intValue, textValue) values (2, 14,18, 'The oldest adult in AO or AC household is between 18 and 21')
insert into ref_lsaValues (FileNumber, ColumnNumber, intValue, textValue) values (2, 14,24, 'The oldest adult in AO or AC household is between 22 and 24')
insert into ref_lsaValues (FileNumber, ColumnNumber, intValue, textValue) values (2, 14,25, 'At least one adult in AO household is 25 or older; at least one is under 55')
insert into ref_lsaValues (FileNumber, ColumnNumber, intValue, textValue) values (2, 14,55, 'All adults in AO household are 55 or older')
insert into ref_lsaValues (FileNumber, ColumnNumber, intValue, textValue) values (2, 15,0, 'No person in HH whose relationship to HoH is ''Child''')
insert into ref_lsaValues (FileNumber, ColumnNumber, intValue, textValue) values (2, 15,1, 'HH has at least one person whose relationship to HoH is ''Child''')
insert into ref_lsaValues (FileNumber, ColumnNumber, intValue, textValue) values (2, 16,0, 'Not served in project group')
insert into ref_lsaValues (FileNumber, ColumnNumber, intValue, textValue) values (2, 16,2, 'Served in contiguous period prior to report start only')
insert into ref_lsaValues (FileNumber, ColumnNumber, intValue, textValue) values (2, 16,11, 'Entered prior to report period; active on last day')
insert into ref_lsaValues (FileNumber, ColumnNumber, intValue, textValue) values (2, 16,12, 'Enrolled prior to report period; exited during report period')
insert into ref_lsaValues (FileNumber, ColumnNumber, intValue, textValue) values (2, 16,21, 'Entered during report period; active on last day')
insert into ref_lsaValues (FileNumber, ColumnNumber, intValue, textValue) values (2, 16,22, 'Entered and exited during report period')
insert into ref_lsaValues (FileNumber, ColumnNumber, intValue, textValue) values (2, 17,0, 'Not served in project group')
insert into ref_lsaValues (FileNumber, ColumnNumber, intValue, textValue) values (2, 17,2, 'Served in contiguous period prior to report start only')
insert into ref_lsaValues (FileNumber, ColumnNumber, intValue, textValue) values (2, 17,11, 'Entered prior to report period; active on last day')
insert into ref_lsaValues (FileNumber, ColumnNumber, intValue, textValue) values (2, 17,12, 'Enrolled prior to report period; exited during report period')
insert into ref_lsaValues (FileNumber, ColumnNumber, intValue, textValue) values (2, 17,21, 'Entered during report period; active on last day')
insert into ref_lsaValues (FileNumber, ColumnNumber, intValue, textValue) values (2, 17,22, 'Entered and exited during report period')
insert into ref_lsaValues (FileNumber, ColumnNumber, intValue, textValue) values (2, 18,-1, 'Not applicable ')
insert into ref_lsaValues (FileNumber, ColumnNumber, intValue, textValue) values (2, 18,0, 'Not placed')
insert into ref_lsaValues (FileNumber, ColumnNumber, intValue, textValue) values (2, 18,1, 'Placed in current report period')
insert into ref_lsaValues (FileNumber, ColumnNumber, intValue, textValue) values (2, 18,2, 'Placed prior to current report period')
insert into ref_lsaValues (FileNumber, ColumnNumber, intValue, textValue) values (2, 19,0, 'Not served in project group')
insert into ref_lsaValues (FileNumber, ColumnNumber, intValue, textValue) values (2, 19,11, 'Entered prior to report period; active on last day')
insert into ref_lsaValues (FileNumber, ColumnNumber, intValue, textValue) values (2, 19,12, 'Entered prior to report period; exited during report period')
insert into ref_lsaValues (FileNumber, ColumnNumber, intValue, textValue) values (2, 19,21, 'Entered during report period; active on last day')
insert into ref_lsaValues (FileNumber, ColumnNumber, intValue, textValue) values (2, 19,22, 'Entered and exited during report period')
insert into ref_lsaValues (FileNumber, ColumnNumber, intValue, textValue) values (2, 20,-1, 'Not applicable ')
insert into ref_lsaValues (FileNumber, ColumnNumber, intValue, textValue) values (2, 20,0, 'No move-in date')
insert into ref_lsaValues (FileNumber, ColumnNumber, intValue, textValue) values (2, 20,1, 'Moved in during current report period')
insert into ref_lsaValues (FileNumber, ColumnNumber, intValue, textValue) values (2, 20,2, 'Moved in prior to current report period')
insert into ref_lsaValues (FileNumber, ColumnNumber, intValue, textValue) values (2, 21,-1, 'Not applicable')
insert into ref_lsaValues (FileNumber, ColumnNumber, intValue, textValue) values (2, 21,0, '0 days')
insert into ref_lsaValues (FileNumber, ColumnNumber, intValue, textValue) values (2, 21,7, '1-7 days')
insert into ref_lsaValues (FileNumber, ColumnNumber, intValue, textValue) values (2, 21,30, '8-30 days')
insert into ref_lsaValues (FileNumber, ColumnNumber, intValue, textValue) values (2, 21,60, '31-60 days')
insert into ref_lsaValues (FileNumber, ColumnNumber, intValue, textValue) values (2, 21,90, '61-90 days')
insert into ref_lsaValues (FileNumber, ColumnNumber, intValue, textValue) values (2, 21,180, '91-180 days')
insert into ref_lsaValues (FileNumber, ColumnNumber, intValue, textValue) values (2, 21,365, '181-365 days')
insert into ref_lsaValues (FileNumber, ColumnNumber, intValue, textValue) values (2, 21,547, '366-547 days')
insert into ref_lsaValues (FileNumber, ColumnNumber, intValue, textValue) values (2, 21,730, '548-730 days')
insert into ref_lsaValues (FileNumber, ColumnNumber, intValue, textValue) values (2, 21,1094, '731-1094 days')
insert into ref_lsaValues (FileNumber, ColumnNumber, intValue, textValue) values (2, 21,1095, '1095 days+')
insert into ref_lsaValues (FileNumber, ColumnNumber, intValue, textValue) values (2, 22,-1, 'Not applicable')
insert into ref_lsaValues (FileNumber, ColumnNumber, intValue, textValue) values (2, 22,0, '0 days')
insert into ref_lsaValues (FileNumber, ColumnNumber, intValue, textValue) values (2, 22,7, '1-7 days')
insert into ref_lsaValues (FileNumber, ColumnNumber, intValue, textValue) values (2, 22,30, '8-30 days')
insert into ref_lsaValues (FileNumber, ColumnNumber, intValue, textValue) values (2, 22,60, '31-60 days')
insert into ref_lsaValues (FileNumber, ColumnNumber, intValue, textValue) values (2, 22,90, '61-90 days')
insert into ref_lsaValues (FileNumber, ColumnNumber, intValue, textValue) values (2, 22,180, '91-180 days')
insert into ref_lsaValues (FileNumber, ColumnNumber, intValue, textValue) values (2, 22,365, '181-365 days')
insert into ref_lsaValues (FileNumber, ColumnNumber, intValue, textValue) values (2, 22,547, '366-547 days')
insert into ref_lsaValues (FileNumber, ColumnNumber, intValue, textValue) values (2, 22,730, '548-730 days')
insert into ref_lsaValues (FileNumber, ColumnNumber, intValue, textValue) values (2, 22,1094, '731-1094 days')
insert into ref_lsaValues (FileNumber, ColumnNumber, intValue, textValue) values (2, 22,1095, '1095 days+')
insert into ref_lsaValues (FileNumber, ColumnNumber, intValue, textValue) values (2, 23,-1, 'Not applicable')
insert into ref_lsaValues (FileNumber, ColumnNumber, intValue, textValue) values (2, 23,0, '0 days')
insert into ref_lsaValues (FileNumber, ColumnNumber, intValue, textValue) values (2, 23,7, '1-7 days')
insert into ref_lsaValues (FileNumber, ColumnNumber, intValue, textValue) values (2, 23,30, '8-30 days')
insert into ref_lsaValues (FileNumber, ColumnNumber, intValue, textValue) values (2, 23,60, '31-60 days')
insert into ref_lsaValues (FileNumber, ColumnNumber, intValue, textValue) values (2, 23,90, '61-90 days')
insert into ref_lsaValues (FileNumber, ColumnNumber, intValue, textValue) values (2, 23,180, '91-180 days')
insert into ref_lsaValues (FileNumber, ColumnNumber, intValue, textValue) values (2, 23,365, '181-365 days')
insert into ref_lsaValues (FileNumber, ColumnNumber, intValue, textValue) values (2, 23,547, '366-547 days')
insert into ref_lsaValues (FileNumber, ColumnNumber, intValue, textValue) values (2, 23,730, '548-730 days')
insert into ref_lsaValues (FileNumber, ColumnNumber, intValue, textValue) values (2, 23,1094, '731-1094 days')
insert into ref_lsaValues (FileNumber, ColumnNumber, intValue, textValue) values (2, 23,1095, '1095 days+')
insert into ref_lsaValues (FileNumber, ColumnNumber, intValue, textValue) values (2, 24,-1, 'Not applicable ')
insert into ref_lsaValues (FileNumber, ColumnNumber, intValue, textValue) values (2, 24,1, 'Urban')
insert into ref_lsaValues (FileNumber, ColumnNumber, intValue, textValue) values (2, 24,2, 'Suburban')
insert into ref_lsaValues (FileNumber, ColumnNumber, intValue, textValue) values (2, 24,3, 'Rural')
insert into ref_lsaValues (FileNumber, ColumnNumber, intValue, textValue) values (2, 24,99, 'Unknown')
insert into ref_lsaValues (FileNumber, ColumnNumber, intValue, textValue) values (2, 25,-1, 'Not applicable')
insert into ref_lsaValues (FileNumber, ColumnNumber, intValue, textValue) values (2, 25,1, 'Homeless - Street')
insert into ref_lsaValues (FileNumber, ColumnNumber, intValue, textValue) values (2, 25,2, 'Homeless - ES/SH')
insert into ref_lsaValues (FileNumber, ColumnNumber, intValue, textValue) values (2, 25,3, 'Interim Housing')
insert into ref_lsaValues (FileNumber, ColumnNumber, intValue, textValue) values (2, 25,4, 'Homeless  - TH')
insert into ref_lsaValues (FileNumber, ColumnNumber, intValue, textValue) values (2, 25,5, 'Hotel/Motel - no voucher')
insert into ref_lsaValues (FileNumber, ColumnNumber, intValue, textValue) values (2, 25,6, 'Residential project')
insert into ref_lsaValues (FileNumber, ColumnNumber, intValue, textValue) values (2, 25,7, 'Family')
insert into ref_lsaValues (FileNumber, ColumnNumber, intValue, textValue) values (2, 25,8, 'Friends')
insert into ref_lsaValues (FileNumber, ColumnNumber, intValue, textValue) values (2, 25,9, 'PSH')
insert into ref_lsaValues (FileNumber, ColumnNumber, intValue, textValue) values (2, 25,10, 'PH - own')
insert into ref_lsaValues (FileNumber, ColumnNumber, intValue, textValue) values (2, 25,11, 'PH - rent no subsidy')
insert into ref_lsaValues (FileNumber, ColumnNumber, intValue, textValue) values (2, 25,12, 'PH - rent with subsidy')
insert into ref_lsaValues (FileNumber, ColumnNumber, intValue, textValue) values (2, 25,13, 'Foster care')
insert into ref_lsaValues (FileNumber, ColumnNumber, intValue, textValue) values (2, 25,14, 'Long-term care')
insert into ref_lsaValues (FileNumber, ColumnNumber, intValue, textValue) values (2, 25,15, 'Institutions - incarceration')
insert into ref_lsaValues (FileNumber, ColumnNumber, intValue, textValue) values (2, 25,16, 'Institutions - medical')
insert into ref_lsaValues (FileNumber, ColumnNumber, intValue, textValue) values (2, 25,99, 'Unknown')
insert into ref_lsaValues (FileNumber, ColumnNumber, intValue, textValue) values (2, 26,-1, 'Not applicable')
insert into ref_lsaValues (FileNumber, ColumnNumber, intValue, textValue) values (2, 26,1, 'PSH')
insert into ref_lsaValues (FileNumber, ColumnNumber, intValue, textValue) values (2, 26,2, 'PH - rent/temp subsidy')
insert into ref_lsaValues (FileNumber, ColumnNumber, intValue, textValue) values (2, 26,3, 'PH - rent/own with subsidy')
insert into ref_lsaValues (FileNumber, ColumnNumber, intValue, textValue) values (2, 26,4, 'PH - rent/own no subsidy')
insert into ref_lsaValues (FileNumber, ColumnNumber, intValue, textValue) values (2, 26,5, 'Family - perm')
insert into ref_lsaValues (FileNumber, ColumnNumber, intValue, textValue) values (2, 26,6, 'Friends - perm')
insert into ref_lsaValues (FileNumber, ColumnNumber, intValue, textValue) values (2, 26,7, 'Institutions - group/assisted')
insert into ref_lsaValues (FileNumber, ColumnNumber, intValue, textValue) values (2, 26,8, 'Institutions - medical')
insert into ref_lsaValues (FileNumber, ColumnNumber, intValue, textValue) values (2, 26,9, 'Institutions - incarceration')
insert into ref_lsaValues (FileNumber, ColumnNumber, intValue, textValue) values (2, 26,10, 'Temporary - not homeless')
insert into ref_lsaValues (FileNumber, ColumnNumber, intValue, textValue) values (2, 26,11, 'Homeless - ES/SH/TH')
insert into ref_lsaValues (FileNumber, ColumnNumber, intValue, textValue) values (2, 26,12, 'Homeless - Street')
insert into ref_lsaValues (FileNumber, ColumnNumber, intValue, textValue) values (2, 26,13, 'Family - temp')
insert into ref_lsaValues (FileNumber, ColumnNumber, intValue, textValue) values (2, 26,14, 'Friends - temp')
insert into ref_lsaValues (FileNumber, ColumnNumber, intValue, textValue) values (2, 26,15, 'Deceased')
insert into ref_lsaValues (FileNumber, ColumnNumber, intValue, textValue) values (2, 26,99, 'Unknown')
insert into ref_lsaValues (FileNumber, ColumnNumber, intValue, textValue) values (2, 27,-1, 'Not applicable')
insert into ref_lsaValues (FileNumber, ColumnNumber, intValue, textValue) values (2, 27,0, '0 days')
insert into ref_lsaValues (FileNumber, ColumnNumber, intValue, textValue) values (2, 27,7, '1-7 days')
insert into ref_lsaValues (FileNumber, ColumnNumber, intValue, textValue) values (2, 27,30, '8-30 days')
insert into ref_lsaValues (FileNumber, ColumnNumber, intValue, textValue) values (2, 27,60, '31-60 days')
insert into ref_lsaValues (FileNumber, ColumnNumber, intValue, textValue) values (2, 27,90, '61-90 days')
insert into ref_lsaValues (FileNumber, ColumnNumber, intValue, textValue) values (2, 27,180, '91-180 days')
insert into ref_lsaValues (FileNumber, ColumnNumber, intValue, textValue) values (2, 27,365, '181-365 days')
insert into ref_lsaValues (FileNumber, ColumnNumber, intValue, textValue) values (2, 27,547, '366-547 days')
insert into ref_lsaValues (FileNumber, ColumnNumber, intValue, textValue) values (2, 27,730, '548-730 days')
insert into ref_lsaValues (FileNumber, ColumnNumber, intValue, textValue) values (2, 27,1094, '731-1094 days')
insert into ref_lsaValues (FileNumber, ColumnNumber, intValue, textValue) values (2, 27,1095, '1095 days+')
insert into ref_lsaValues (FileNumber, ColumnNumber, intValue, textValue) values (2, 28,-1, 'Not applicable')
insert into ref_lsaValues (FileNumber, ColumnNumber, intValue, textValue) values (2, 28,0, '0 days')
insert into ref_lsaValues (FileNumber, ColumnNumber, intValue, textValue) values (2, 28,7, '1-7 days')
insert into ref_lsaValues (FileNumber, ColumnNumber, intValue, textValue) values (2, 28,30, '8-30 days')
insert into ref_lsaValues (FileNumber, ColumnNumber, intValue, textValue) values (2, 28,60, '31-60 days')
insert into ref_lsaValues (FileNumber, ColumnNumber, intValue, textValue) values (2, 28,90, '61-90 days')
insert into ref_lsaValues (FileNumber, ColumnNumber, intValue, textValue) values (2, 28,180, '91-180 days')
insert into ref_lsaValues (FileNumber, ColumnNumber, intValue, textValue) values (2, 28,365, '181-365 days')
insert into ref_lsaValues (FileNumber, ColumnNumber, intValue, textValue) values (2, 28,547, '366-547 days')
insert into ref_lsaValues (FileNumber, ColumnNumber, intValue, textValue) values (2, 28,730, '548-730 days')
insert into ref_lsaValues (FileNumber, ColumnNumber, intValue, textValue) values (2, 28,1094, '731-1094 days')
insert into ref_lsaValues (FileNumber, ColumnNumber, intValue, textValue) values (2, 28,1095, '1095 days+')
insert into ref_lsaValues (FileNumber, ColumnNumber, intValue, textValue) values (2, 29,-1, 'Not applicable')
insert into ref_lsaValues (FileNumber, ColumnNumber, intValue, textValue) values (2, 29,0, '0 days')
insert into ref_lsaValues (FileNumber, ColumnNumber, intValue, textValue) values (2, 29,7, '1-7 days')
insert into ref_lsaValues (FileNumber, ColumnNumber, intValue, textValue) values (2, 29,30, '8-30 days')
insert into ref_lsaValues (FileNumber, ColumnNumber, intValue, textValue) values (2, 29,60, '31-60 days')
insert into ref_lsaValues (FileNumber, ColumnNumber, intValue, textValue) values (2, 29,90, '61-90 days')
insert into ref_lsaValues (FileNumber, ColumnNumber, intValue, textValue) values (2, 29,180, '91-180 days')
insert into ref_lsaValues (FileNumber, ColumnNumber, intValue, textValue) values (2, 29,365, '181-365 days')
insert into ref_lsaValues (FileNumber, ColumnNumber, intValue, textValue) values (2, 29,547, '366-547 days')
insert into ref_lsaValues (FileNumber, ColumnNumber, intValue, textValue) values (2, 29,730, '548-730 days')
insert into ref_lsaValues (FileNumber, ColumnNumber, intValue, textValue) values (2, 29,1094, '731-1094 days')
insert into ref_lsaValues (FileNumber, ColumnNumber, intValue, textValue) values (2, 29,1095, '1095 days+')
insert into ref_lsaValues (FileNumber, ColumnNumber, intValue, textValue) values (2, 30,-1, 'Not applicable')
insert into ref_lsaValues (FileNumber, ColumnNumber, intValue, textValue) values (2, 30,0, '0 days')
insert into ref_lsaValues (FileNumber, ColumnNumber, intValue, textValue) values (2, 30,7, '1-7 days')
insert into ref_lsaValues (FileNumber, ColumnNumber, intValue, textValue) values (2, 30,30, '8-30 days')
insert into ref_lsaValues (FileNumber, ColumnNumber, intValue, textValue) values (2, 30,60, '31-60 days')
insert into ref_lsaValues (FileNumber, ColumnNumber, intValue, textValue) values (2, 30,90, '61-90 days')
insert into ref_lsaValues (FileNumber, ColumnNumber, intValue, textValue) values (2, 30,180, '91-180 days')
insert into ref_lsaValues (FileNumber, ColumnNumber, intValue, textValue) values (2, 30,365, '181-365 days')
insert into ref_lsaValues (FileNumber, ColumnNumber, intValue, textValue) values (2, 30,547, '366-547 days')
insert into ref_lsaValues (FileNumber, ColumnNumber, intValue, textValue) values (2, 30,730, '548-730 days')
insert into ref_lsaValues (FileNumber, ColumnNumber, intValue, textValue) values (2, 30,1094, '731-1094 days')
insert into ref_lsaValues (FileNumber, ColumnNumber, intValue, textValue) values (2, 30,1095, '1095 days+')
insert into ref_lsaValues (FileNumber, ColumnNumber, intValue, textValue) values (2, 31,-1, 'Not applicable ')
insert into ref_lsaValues (FileNumber, ColumnNumber, intValue, textValue) values (2, 31,1, 'Urban')
insert into ref_lsaValues (FileNumber, ColumnNumber, intValue, textValue) values (2, 31,2, 'Suburban')
insert into ref_lsaValues (FileNumber, ColumnNumber, intValue, textValue) values (2, 31,3, 'Rural')
insert into ref_lsaValues (FileNumber, ColumnNumber, intValue, textValue) values (2, 31,99, 'Unknown')
insert into ref_lsaValues (FileNumber, ColumnNumber, intValue, textValue) values (2, 32,-1, 'Not applicable')
insert into ref_lsaValues (FileNumber, ColumnNumber, intValue, textValue) values (2, 32,1, 'Homeless - Street')
insert into ref_lsaValues (FileNumber, ColumnNumber, intValue, textValue) values (2, 32,2, 'Homeless - ES/SH')
insert into ref_lsaValues (FileNumber, ColumnNumber, intValue, textValue) values (2, 32,3, 'Interim Housing')
insert into ref_lsaValues (FileNumber, ColumnNumber, intValue, textValue) values (2, 32,4, 'Homeless  - TH')
insert into ref_lsaValues (FileNumber, ColumnNumber, intValue, textValue) values (2, 32,5, 'Hotel/Motel - no voucher')
insert into ref_lsaValues (FileNumber, ColumnNumber, intValue, textValue) values (2, 32,6, 'Residential project')
insert into ref_lsaValues (FileNumber, ColumnNumber, intValue, textValue) values (2, 32,7, 'Family')
insert into ref_lsaValues (FileNumber, ColumnNumber, intValue, textValue) values (2, 32,8, 'Friends')
insert into ref_lsaValues (FileNumber, ColumnNumber, intValue, textValue) values (2, 32,9, 'PSH')
insert into ref_lsaValues (FileNumber, ColumnNumber, intValue, textValue) values (2, 32,10, 'PH - own')
insert into ref_lsaValues (FileNumber, ColumnNumber, intValue, textValue) values (2, 32,11, 'PH - rent no subsidy')
insert into ref_lsaValues (FileNumber, ColumnNumber, intValue, textValue) values (2, 32,12, 'PH - rent with subsidy')
insert into ref_lsaValues (FileNumber, ColumnNumber, intValue, textValue) values (2, 32,13, 'Foster care')
insert into ref_lsaValues (FileNumber, ColumnNumber, intValue, textValue) values (2, 32,14, 'Long-term care')
insert into ref_lsaValues (FileNumber, ColumnNumber, intValue, textValue) values (2, 32,15, 'Institutions - incarceration')
insert into ref_lsaValues (FileNumber, ColumnNumber, intValue, textValue) values (2, 32,16, 'Institutions - medical')
insert into ref_lsaValues (FileNumber, ColumnNumber, intValue, textValue) values (2, 32,99, 'Unknown')
insert into ref_lsaValues (FileNumber, ColumnNumber, intValue, textValue) values (2, 33,-1, 'Not applicable')
insert into ref_lsaValues (FileNumber, ColumnNumber, intValue, textValue) values (2, 33,1, 'PSH')
insert into ref_lsaValues (FileNumber, ColumnNumber, intValue, textValue) values (2, 33,2, 'PH - rent/temp subsidy')
insert into ref_lsaValues (FileNumber, ColumnNumber, intValue, textValue) values (2, 33,3, 'PH - rent/own with subsidy')
insert into ref_lsaValues (FileNumber, ColumnNumber, intValue, textValue) values (2, 33,4, 'PH - rent/own no subsidy')
insert into ref_lsaValues (FileNumber, ColumnNumber, intValue, textValue) values (2, 33,5, 'Family - perm')
insert into ref_lsaValues (FileNumber, ColumnNumber, intValue, textValue) values (2, 33,6, 'Friends - perm')
insert into ref_lsaValues (FileNumber, ColumnNumber, intValue, textValue) values (2, 33,7, 'Institutions - group/assisted')
insert into ref_lsaValues (FileNumber, ColumnNumber, intValue, textValue) values (2, 33,8, 'Institutions - medical')
insert into ref_lsaValues (FileNumber, ColumnNumber, intValue, textValue) values (2, 33,9, 'Institutions - incarceration')
insert into ref_lsaValues (FileNumber, ColumnNumber, intValue, textValue) values (2, 33,10, 'Temporary - not homeless')
insert into ref_lsaValues (FileNumber, ColumnNumber, intValue, textValue) values (2, 33,11, 'Homeless - ES/SH/TH')
insert into ref_lsaValues (FileNumber, ColumnNumber, intValue, textValue) values (2, 33,12, 'Homeless - Street')
insert into ref_lsaValues (FileNumber, ColumnNumber, intValue, textValue) values (2, 33,13, 'Family - temp')
insert into ref_lsaValues (FileNumber, ColumnNumber, intValue, textValue) values (2, 33,14, 'Friends - temp')
insert into ref_lsaValues (FileNumber, ColumnNumber, intValue, textValue) values (2, 33,15, 'Deceased')
insert into ref_lsaValues (FileNumber, ColumnNumber, intValue, textValue) values (2, 33,99, 'Unknown')
insert into ref_lsaValues (FileNumber, ColumnNumber, intValue, textValue) values (2, 34,-1, 'Not applicable')
insert into ref_lsaValues (FileNumber, ColumnNumber, intValue, textValue) values (2, 34,0, '0 days')
insert into ref_lsaValues (FileNumber, ColumnNumber, intValue, textValue) values (2, 34,7, '1-7 days')
insert into ref_lsaValues (FileNumber, ColumnNumber, intValue, textValue) values (2, 34,30, '8-30 days')
insert into ref_lsaValues (FileNumber, ColumnNumber, intValue, textValue) values (2, 34,60, '31-60 days')
insert into ref_lsaValues (FileNumber, ColumnNumber, intValue, textValue) values (2, 34,90, '61-90 days')
insert into ref_lsaValues (FileNumber, ColumnNumber, intValue, textValue) values (2, 34,180, '91-180 days')
insert into ref_lsaValues (FileNumber, ColumnNumber, intValue, textValue) values (2, 34,365, '181-365 days')
insert into ref_lsaValues (FileNumber, ColumnNumber, intValue, textValue) values (2, 34,547, '366-547 days')
insert into ref_lsaValues (FileNumber, ColumnNumber, intValue, textValue) values (2, 34,730, '548-730 days')
insert into ref_lsaValues (FileNumber, ColumnNumber, intValue, textValue) values (2, 34,1094, '731-1094 days')
insert into ref_lsaValues (FileNumber, ColumnNumber, intValue, textValue) values (2, 34,1095, '1095 days+')
insert into ref_lsaValues (FileNumber, ColumnNumber, intValue, textValue) values (2, 35,0, '0 days')
insert into ref_lsaValues (FileNumber, ColumnNumber, intValue, textValue) values (2, 35,7, '1-7 days')
insert into ref_lsaValues (FileNumber, ColumnNumber, intValue, textValue) values (2, 35,30, '8-30 days')
insert into ref_lsaValues (FileNumber, ColumnNumber, intValue, textValue) values (2, 35,60, '31-60 days')
insert into ref_lsaValues (FileNumber, ColumnNumber, intValue, textValue) values (2, 35,90, '61-90 days')
insert into ref_lsaValues (FileNumber, ColumnNumber, intValue, textValue) values (2, 35,180, '91-180 days')
insert into ref_lsaValues (FileNumber, ColumnNumber, intValue, textValue) values (2, 35,365, '181-365 days')
insert into ref_lsaValues (FileNumber, ColumnNumber, intValue, textValue) values (2, 35,547, '366-547 days')
insert into ref_lsaValues (FileNumber, ColumnNumber, intValue, textValue) values (2, 35,730, '548-730 days')
insert into ref_lsaValues (FileNumber, ColumnNumber, intValue, textValue) values (2, 35,1094, '731-1094 days')
insert into ref_lsaValues (FileNumber, ColumnNumber, intValue, textValue) values (2, 35,1095, '1095 days+')
insert into ref_lsaValues (FileNumber, ColumnNumber, intValue, textValue) values (2, 36,-1, 'Not applicable')
insert into ref_lsaValues (FileNumber, ColumnNumber, intValue, textValue) values (2, 36,0, '0 days')
insert into ref_lsaValues (FileNumber, ColumnNumber, intValue, textValue) values (2, 36,7, '1-7 days')
insert into ref_lsaValues (FileNumber, ColumnNumber, intValue, textValue) values (2, 36,30, '8-30 days')
insert into ref_lsaValues (FileNumber, ColumnNumber, intValue, textValue) values (2, 36,60, '31-60 days')
insert into ref_lsaValues (FileNumber, ColumnNumber, intValue, textValue) values (2, 36,90, '61-90 days')
insert into ref_lsaValues (FileNumber, ColumnNumber, intValue, textValue) values (2, 36,180, '91-180 days')
insert into ref_lsaValues (FileNumber, ColumnNumber, intValue, textValue) values (2, 36,365, '181-365 days')
insert into ref_lsaValues (FileNumber, ColumnNumber, intValue, textValue) values (2, 36,547, '366-547 days')
insert into ref_lsaValues (FileNumber, ColumnNumber, intValue, textValue) values (2, 36,730, '548-730 days')
insert into ref_lsaValues (FileNumber, ColumnNumber, intValue, textValue) values (2, 36,1094, '731-1094 days')
insert into ref_lsaValues (FileNumber, ColumnNumber, intValue, textValue) values (2, 36,1095, '1095 days+')
insert into ref_lsaValues (FileNumber, ColumnNumber, intValue, textValue) values (2, 37,-1, 'Not applicable ')
insert into ref_lsaValues (FileNumber, ColumnNumber, intValue, textValue) values (2, 37,1, 'Urban')
insert into ref_lsaValues (FileNumber, ColumnNumber, intValue, textValue) values (2, 37,2, 'Suburban')
insert into ref_lsaValues (FileNumber, ColumnNumber, intValue, textValue) values (2, 37,3, 'Rural')
insert into ref_lsaValues (FileNumber, ColumnNumber, intValue, textValue) values (2, 37,99, 'Unknown')
insert into ref_lsaValues (FileNumber, ColumnNumber, intValue, textValue) values (2, 38,-1, 'Not applicable')
insert into ref_lsaValues (FileNumber, ColumnNumber, intValue, textValue) values (2, 38,1, 'Homeless - Street')
insert into ref_lsaValues (FileNumber, ColumnNumber, intValue, textValue) values (2, 38,2, 'Homeless - ES/SH')
insert into ref_lsaValues (FileNumber, ColumnNumber, intValue, textValue) values (2, 38,3, 'Interim Housing')
insert into ref_lsaValues (FileNumber, ColumnNumber, intValue, textValue) values (2, 38,4, 'Homeless  - TH')
insert into ref_lsaValues (FileNumber, ColumnNumber, intValue, textValue) values (2, 38,5, 'Hotel/Motel - no voucher')
insert into ref_lsaValues (FileNumber, ColumnNumber, intValue, textValue) values (2, 38,6, 'Residential project')
insert into ref_lsaValues (FileNumber, ColumnNumber, intValue, textValue) values (2, 38,7, 'Family')
insert into ref_lsaValues (FileNumber, ColumnNumber, intValue, textValue) values (2, 38,8, 'Friends')
insert into ref_lsaValues (FileNumber, ColumnNumber, intValue, textValue) values (2, 38,9, 'PSH')
insert into ref_lsaValues (FileNumber, ColumnNumber, intValue, textValue) values (2, 38,10, 'PH - own')
insert into ref_lsaValues (FileNumber, ColumnNumber, intValue, textValue) values (2, 38,11, 'PH - rent no subsidy')
insert into ref_lsaValues (FileNumber, ColumnNumber, intValue, textValue) values (2, 38,12, 'PH - rent with subsidy')
insert into ref_lsaValues (FileNumber, ColumnNumber, intValue, textValue) values (2, 38,13, 'Foster care')
insert into ref_lsaValues (FileNumber, ColumnNumber, intValue, textValue) values (2, 38,14, 'Long-term care')
insert into ref_lsaValues (FileNumber, ColumnNumber, intValue, textValue) values (2, 38,15, 'Institutions - incarceration')
insert into ref_lsaValues (FileNumber, ColumnNumber, intValue, textValue) values (2, 38,16, 'Institutions - medical')
insert into ref_lsaValues (FileNumber, ColumnNumber, intValue, textValue) values (2, 38,99, 'Unknown')
insert into ref_lsaValues (FileNumber, ColumnNumber, intValue, textValue) values (2, 39,-1, 'Not applicable')
insert into ref_lsaValues (FileNumber, ColumnNumber, intValue, textValue) values (2, 39,1, 'PSH')
insert into ref_lsaValues (FileNumber, ColumnNumber, intValue, textValue) values (2, 39,2, 'PH - rent/temp subsidy')
insert into ref_lsaValues (FileNumber, ColumnNumber, intValue, textValue) values (2, 39,3, 'PH - rent/own with subsidy')
insert into ref_lsaValues (FileNumber, ColumnNumber, intValue, textValue) values (2, 39,4, 'PH - rent/own no subsidy')
insert into ref_lsaValues (FileNumber, ColumnNumber, intValue, textValue) values (2, 39,5, 'Family - perm')
insert into ref_lsaValues (FileNumber, ColumnNumber, intValue, textValue) values (2, 39,6, 'Friends - perm')
insert into ref_lsaValues (FileNumber, ColumnNumber, intValue, textValue) values (2, 39,7, 'Institutions - group/assisted')
insert into ref_lsaValues (FileNumber, ColumnNumber, intValue, textValue) values (2, 39,8, 'Institutions - medical')
insert into ref_lsaValues (FileNumber, ColumnNumber, intValue, textValue) values (2, 39,9, 'Institutions - incarceration')
insert into ref_lsaValues (FileNumber, ColumnNumber, intValue, textValue) values (2, 39,10, 'Temporary - not homeless')
insert into ref_lsaValues (FileNumber, ColumnNumber, intValue, textValue) values (2, 39,11, 'Homeless - ES/SH/TH')
insert into ref_lsaValues (FileNumber, ColumnNumber, intValue, textValue) values (2, 39,12, 'Homeless - Street')
insert into ref_lsaValues (FileNumber, ColumnNumber, intValue, textValue) values (2, 39,13, 'Family - temp')
insert into ref_lsaValues (FileNumber, ColumnNumber, intValue, textValue) values (2, 39,14, 'Friends - temp')
insert into ref_lsaValues (FileNumber, ColumnNumber, intValue, textValue) values (2, 39,15, 'Deceased')
insert into ref_lsaValues (FileNumber, ColumnNumber, intValue, textValue) values (2, 39,99, 'Unknown')
insert into ref_lsaValues (FileNumber, ColumnNumber, intValue, textValue) values (2, 40,-1, 'Not applicable')
insert into ref_lsaValues (FileNumber, ColumnNumber, intValue, textValue) values (2, 40,3, 'Up to 3 months')
insert into ref_lsaValues (FileNumber, ColumnNumber, intValue, textValue) values (2, 40,6, '3-6 months')
insert into ref_lsaValues (FileNumber, ColumnNumber, intValue, textValue) values (2, 40,12, '6-12 months')
insert into ref_lsaValues (FileNumber, ColumnNumber, intValue, textValue) values (2, 40,24, '12-24 months')
insert into ref_lsaValues (FileNumber, ColumnNumber, intValue, textValue) values (2, 40,36, '25-36 months')
insert into ref_lsaValues (FileNumber, ColumnNumber, intValue, textValue) values (2, 40,48, '37-48 months')
insert into ref_lsaValues (FileNumber, ColumnNumber, intValue, textValue) values (2, 40,60, '49-60 months')
insert into ref_lsaValues (FileNumber, ColumnNumber, intValue, textValue) values (2, 40,84, '5-7 years')
insert into ref_lsaValues (FileNumber, ColumnNumber, intValue, textValue) values (2, 40,120, '8-10 years')
insert into ref_lsaValues (FileNumber, ColumnNumber, intValue, textValue) values (2, 40,121, '10+ years')
insert into ref_lsaValues (FileNumber, ColumnNumber, intValue, textValue) values (2, 41,-1, 'Not applicable')
insert into ref_lsaValues (FileNumber, ColumnNumber, intValue, textValue) values (2, 41,1, 'ES/SH only')
insert into ref_lsaValues (FileNumber, ColumnNumber, intValue, textValue) values (2, 41,2, 'TH only')
insert into ref_lsaValues (FileNumber, ColumnNumber, intValue, textValue) values (2, 41,3, 'ES/SH + TH only')
insert into ref_lsaValues (FileNumber, ColumnNumber, intValue, textValue) values (2, 41,4, 'RRH only')
insert into ref_lsaValues (FileNumber, ColumnNumber, intValue, textValue) values (2, 41,5, 'ES/SH + RRH only')
insert into ref_lsaValues (FileNumber, ColumnNumber, intValue, textValue) values (2, 41,6, 'TH + RRH only')
insert into ref_lsaValues (FileNumber, ColumnNumber, intValue, textValue) values (2, 41,7, 'ES/SH + TH + RRH only')
insert into ref_lsaValues (FileNumber, ColumnNumber, intValue, textValue) values (2, 41,8, 'PSH only')
insert into ref_lsaValues (FileNumber, ColumnNumber, intValue, textValue) values (2, 41,9, 'ES/SH + PSH only')
insert into ref_lsaValues (FileNumber, ColumnNumber, intValue, textValue) values (2, 41,10, 'ES/SH + RRH + PSH only')
insert into ref_lsaValues (FileNumber, ColumnNumber, intValue, textValue) values (2, 41,11, 'RRH + PSH only')
insert into ref_lsaValues (FileNumber, ColumnNumber, intValue, textValue) values (2, 41,12, 'All other combinations')
insert into ref_lsaValues (FileNumber, ColumnNumber, intValue, textValue) values (3, 2,0, '<1')
insert into ref_lsaValues (FileNumber, ColumnNumber, intValue, textValue) values (3, 2,2, '1 to 2')
insert into ref_lsaValues (FileNumber, ColumnNumber, intValue, textValue) values (3, 2,5, '3 to 5')
insert into ref_lsaValues (FileNumber, ColumnNumber, intValue, textValue) values (3, 2,17, '6 to 17')
insert into ref_lsaValues (FileNumber, ColumnNumber, intValue, textValue) values (3, 2,21, '18 to 21 ')
insert into ref_lsaValues (FileNumber, ColumnNumber, intValue, textValue) values (3, 2,24, '22 to 24 ')
insert into ref_lsaValues (FileNumber, ColumnNumber, intValue, textValue) values (3, 2,34, '25 to 34')
insert into ref_lsaValues (FileNumber, ColumnNumber, intValue, textValue) values (3, 2,44, '35 to 44')
insert into ref_lsaValues (FileNumber, ColumnNumber, intValue, textValue) values (3, 2,54, '45 to 54 ')
insert into ref_lsaValues (FileNumber, ColumnNumber, intValue, textValue) values (3, 2,64, '55 to 64')
insert into ref_lsaValues (FileNumber, ColumnNumber, intValue, textValue) values (3, 2,65, '65 and Older')
insert into ref_lsaValues (FileNumber, ColumnNumber, intValue, textValue) values (3, 2,98, 'Client doesn''t know/refused')
insert into ref_lsaValues (FileNumber, ColumnNumber, intValue, textValue) values (3, 2,99, 'Missing/invalid')
insert into ref_lsaValues (FileNumber, ColumnNumber, intValue, textValue) values (3, 3,-1, 'Not applicable')
insert into ref_lsaValues (FileNumber, ColumnNumber, intValue, textValue) values (3, 3,1, 'Female')
insert into ref_lsaValues (FileNumber, ColumnNumber, intValue, textValue) values (3, 3,2, 'Male')
insert into ref_lsaValues (FileNumber, ColumnNumber, intValue, textValue) values (3, 3,3, 'Transgender')
insert into ref_lsaValues (FileNumber, ColumnNumber, intValue, textValue) values (3, 3,4, 'Gender non-conforming')
insert into ref_lsaValues (FileNumber, ColumnNumber, intValue, textValue) values (3, 3,98, 'Client doesn''t know/refused')
insert into ref_lsaValues (FileNumber, ColumnNumber, intValue, textValue) values (3, 3,99, 'Missing/invalid')
insert into ref_lsaValues (FileNumber, ColumnNumber, intValue, textValue) values (3, 4,-1, 'Not applicable')
insert into ref_lsaValues (FileNumber, ColumnNumber, intValue, textValue) values (3, 4,0, 'White, non-Hispanic/Latino')
insert into ref_lsaValues (FileNumber, ColumnNumber, intValue, textValue) values (3, 4,1, 'White, Hispanic/Latino')
insert into ref_lsaValues (FileNumber, ColumnNumber, intValue, textValue) values (3, 4,2, 'Black or African American ')
insert into ref_lsaValues (FileNumber, ColumnNumber, intValue, textValue) values (3, 4,3, 'Asian ')
insert into ref_lsaValues (FileNumber, ColumnNumber, intValue, textValue) values (3, 4,4, 'American Indian or Alaska Native ')
insert into ref_lsaValues (FileNumber, ColumnNumber, intValue, textValue) values (3, 4,5, 'Native Hawaiian / Other Pacific Islander')
insert into ref_lsaValues (FileNumber, ColumnNumber, intValue, textValue) values (3, 4,6, 'Multiple Races')
insert into ref_lsaValues (FileNumber, ColumnNumber, intValue, textValue) values (3, 4,98, 'Client doesn''t know/refused')
insert into ref_lsaValues (FileNumber, ColumnNumber, intValue, textValue) values (3, 4,99, 'Missing/invalid')
insert into ref_lsaValues (FileNumber, ColumnNumber, intValue, textValue) values (3, 5,-1, 'Not applicable')
insert into ref_lsaValues (FileNumber, ColumnNumber, intValue, textValue) values (3, 5,0, 'Not Hispanic/Latino')
insert into ref_lsaValues (FileNumber, ColumnNumber, intValue, textValue) values (3, 5,1, 'Hispanic/Latino')
insert into ref_lsaValues (FileNumber, ColumnNumber, intValue, textValue) values (3, 5,98, 'Client doesn''t know/refused')
insert into ref_lsaValues (FileNumber, ColumnNumber, intValue, textValue) values (3, 5,99, 'Missing/invalid')
insert into ref_lsaValues (FileNumber, ColumnNumber, intValue, textValue) values (3, 6,-1, 'Not applicable')
insert into ref_lsaValues (FileNumber, ColumnNumber, intValue, textValue) values (3, 6,0, 'Not a veteran')
insert into ref_lsaValues (FileNumber, ColumnNumber, intValue, textValue) values (3, 6,1, 'Veteran')
insert into ref_lsaValues (FileNumber, ColumnNumber, intValue, textValue) values (3, 6,98, 'Client doesn''t know/refused')
insert into ref_lsaValues (FileNumber, ColumnNumber, intValue, textValue) values (3, 6,99, 'Missing/invalid')
insert into ref_lsaValues (FileNumber, ColumnNumber, intValue, textValue) values (3, 7,-1, 'Not applicable')
insert into ref_lsaValues (FileNumber, ColumnNumber, intValue, textValue) values (3, 7,0, 'Not disabled')
insert into ref_lsaValues (FileNumber, ColumnNumber, intValue, textValue) values (3, 7,1, 'Disabled')
insert into ref_lsaValues (FileNumber, ColumnNumber, intValue, textValue) values (3, 7,99, 'Unknown')
insert into ref_lsaValues (FileNumber, ColumnNumber, intValue, textValue) values (3, 8,-1, 'Not applicable')
insert into ref_lsaValues (FileNumber, ColumnNumber, intValue, textValue) values (3, 8,0, '0-269 days')
insert into ref_lsaValues (FileNumber, ColumnNumber, intValue, textValue) values (3, 8,270, '270-364 days')
insert into ref_lsaValues (FileNumber, ColumnNumber, intValue, textValue) values (3, 8,365, '365+ days')
insert into ref_lsaValues (FileNumber, ColumnNumber, intValue, textValue) values (3, 8,400, '12 or more months in three years (3.917)')
insert into ref_lsaValues (FileNumber, ColumnNumber, intValue, textValue) values (3, 9,-1, 'Not applicable')
insert into ref_lsaValues (FileNumber, ColumnNumber, intValue, textValue) values (3, 9,1, 'At least one continuous 365+ period')
insert into ref_lsaValues (FileNumber, ColumnNumber, intValue, textValue) values (3, 9,2, '4 or more times in ES/SH/Street')
insert into ref_lsaValues (FileNumber, ColumnNumber, intValue, textValue) values (3, 9,3, 'Less than 4 times in ES/SH/Street')
insert into ref_lsaValues (FileNumber, ColumnNumber, intValue, textValue) values (3, 9,99, 'Unknown')
insert into ref_lsaValues (FileNumber, ColumnNumber, intValue, textValue) values (3, 10,-1, 'Not applicable')
insert into ref_lsaValues (FileNumber, ColumnNumber, intValue, textValue) values (3, 10,0, 'Not a victim of domestic violence')
insert into ref_lsaValues (FileNumber, ColumnNumber, intValue, textValue) values (3, 10,1, 'DV victim, currently fleeing')
insert into ref_lsaValues (FileNumber, ColumnNumber, intValue, textValue) values (3, 10,2, 'DV victim, not currently fleeing')
insert into ref_lsaValues (FileNumber, ColumnNumber, intValue, textValue) values (3, 10,3, 'DV victim, unknown if currently fleeing')
insert into ref_lsaValues (FileNumber, ColumnNumber, intValue, textValue) values (3, 10,98, 'Client doesn''t know/refused')
insert into ref_lsaValues (FileNumber, ColumnNumber, intValue, textValue) values (3, 10,99, 'Missing/invalid')
insert into ref_lsaValues (FileNumber, ColumnNumber, intValue, textValue) values (3, 11,-1, 'Not served in project group')
insert into ref_lsaValues (FileNumber, ColumnNumber, intValue, textValue) values (3, 11,1, 'AO')
insert into ref_lsaValues (FileNumber, ColumnNumber, intValue, textValue) values (3, 11,2, 'AC')
insert into ref_lsaValues (FileNumber, ColumnNumber, intValue, textValue) values (3, 11,3, 'CO')
insert into ref_lsaValues (FileNumber, ColumnNumber, intValue, textValue) values (3, 11,12, 'AO and AC')
insert into ref_lsaValues (FileNumber, ColumnNumber, intValue, textValue) values (3, 11,13, 'AO and CO')
insert into ref_lsaValues (FileNumber, ColumnNumber, intValue, textValue) values (3, 11,23, 'AC and CO')
insert into ref_lsaValues (FileNumber, ColumnNumber, intValue, textValue) values (3, 11,99, 'UN')
insert into ref_lsaValues (FileNumber, ColumnNumber, intValue, textValue) values (3, 11,123, 'AO, AC, and CO')
insert into ref_lsaValues (FileNumber, ColumnNumber, intValue, textValue) values (3, 12,-1, 'Not applicable')
insert into ref_lsaValues (FileNumber, ColumnNumber, intValue, textValue) values (3, 12,1, 'AO')
insert into ref_lsaValues (FileNumber, ColumnNumber, intValue, textValue) values (3, 12,2, 'AC')
insert into ref_lsaValues (FileNumber, ColumnNumber, intValue, textValue) values (3, 12,3, 'CO')
insert into ref_lsaValues (FileNumber, ColumnNumber, intValue, textValue) values (3, 12,12, 'AO and AC')
insert into ref_lsaValues (FileNumber, ColumnNumber, intValue, textValue) values (3, 12,13, 'AO and CO')
insert into ref_lsaValues (FileNumber, ColumnNumber, intValue, textValue) values (3, 12,23, 'AC and CO')
insert into ref_lsaValues (FileNumber, ColumnNumber, intValue, textValue) values (3, 12,99, 'UN')
insert into ref_lsaValues (FileNumber, ColumnNumber, intValue, textValue) values (3, 12,123, 'AO, AC, and CO')
insert into ref_lsaValues (FileNumber, ColumnNumber, intValue, textValue) values (3, 13,-1, 'Not served in project group')
insert into ref_lsaValues (FileNumber, ColumnNumber, intValue, textValue) values (3, 13,1, 'AO')
insert into ref_lsaValues (FileNumber, ColumnNumber, intValue, textValue) values (3, 13,2, 'AC')
insert into ref_lsaValues (FileNumber, ColumnNumber, intValue, textValue) values (3, 13,3, 'CO')
insert into ref_lsaValues (FileNumber, ColumnNumber, intValue, textValue) values (3, 13,12, 'AO and AC')
insert into ref_lsaValues (FileNumber, ColumnNumber, intValue, textValue) values (3, 13,13, 'AO and CO')
insert into ref_lsaValues (FileNumber, ColumnNumber, intValue, textValue) values (3, 13,23, 'AC and CO')
insert into ref_lsaValues (FileNumber, ColumnNumber, intValue, textValue) values (3, 13,99, 'UN')
insert into ref_lsaValues (FileNumber, ColumnNumber, intValue, textValue) values (3, 13,123, 'AO, AC, and CO')
insert into ref_lsaValues (FileNumber, ColumnNumber, intValue, textValue) values (3, 14,-1, 'Not applicable')
insert into ref_lsaValues (FileNumber, ColumnNumber, intValue, textValue) values (3, 14,1, 'AO')
insert into ref_lsaValues (FileNumber, ColumnNumber, intValue, textValue) values (3, 14,2, 'AC')
insert into ref_lsaValues (FileNumber, ColumnNumber, intValue, textValue) values (3, 14,3, 'CO')
insert into ref_lsaValues (FileNumber, ColumnNumber, intValue, textValue) values (3, 14,12, 'AO and AC')
insert into ref_lsaValues (FileNumber, ColumnNumber, intValue, textValue) values (3, 14,13, 'AO and CO')
insert into ref_lsaValues (FileNumber, ColumnNumber, intValue, textValue) values (3, 14,23, 'AC and CO')
insert into ref_lsaValues (FileNumber, ColumnNumber, intValue, textValue) values (3, 14,99, 'UN')
insert into ref_lsaValues (FileNumber, ColumnNumber, intValue, textValue) values (3, 14,123, 'AO, AC, and CO')
insert into ref_lsaValues (FileNumber, ColumnNumber, intValue, textValue) values (3, 15,-1, 'Not served in project group')
insert into ref_lsaValues (FileNumber, ColumnNumber, intValue, textValue) values (3, 15,1, 'AO')
insert into ref_lsaValues (FileNumber, ColumnNumber, intValue, textValue) values (3, 15,2, 'AC')
insert into ref_lsaValues (FileNumber, ColumnNumber, intValue, textValue) values (3, 15,3, 'CO')
insert into ref_lsaValues (FileNumber, ColumnNumber, intValue, textValue) values (3, 15,12, 'AO and AC')
insert into ref_lsaValues (FileNumber, ColumnNumber, intValue, textValue) values (3, 15,13, 'AO and CO')
insert into ref_lsaValues (FileNumber, ColumnNumber, intValue, textValue) values (3, 15,23, 'AC and CO')
insert into ref_lsaValues (FileNumber, ColumnNumber, intValue, textValue) values (3, 15,99, 'UN')
insert into ref_lsaValues (FileNumber, ColumnNumber, intValue, textValue) values (3, 15,123, 'AO, AC, and CO')
insert into ref_lsaValues (FileNumber, ColumnNumber, intValue, textValue) values (3, 16,-1, 'Not applicable')
insert into ref_lsaValues (FileNumber, ColumnNumber, intValue, textValue) values (3, 16,1, 'AO')
insert into ref_lsaValues (FileNumber, ColumnNumber, intValue, textValue) values (3, 16,2, 'AC')
insert into ref_lsaValues (FileNumber, ColumnNumber, intValue, textValue) values (3, 16,3, 'CO')
insert into ref_lsaValues (FileNumber, ColumnNumber, intValue, textValue) values (3, 16,12, 'AO and AC')
insert into ref_lsaValues (FileNumber, ColumnNumber, intValue, textValue) values (3, 16,13, 'AO and CO')
insert into ref_lsaValues (FileNumber, ColumnNumber, intValue, textValue) values (3, 16,23, 'AC and CO')
insert into ref_lsaValues (FileNumber, ColumnNumber, intValue, textValue) values (3, 16,99, 'UN')
insert into ref_lsaValues (FileNumber, ColumnNumber, intValue, textValue) values (3, 16,123, 'AO, AC, and CO')
insert into ref_lsaValues (FileNumber, ColumnNumber, intValue, textValue) values (3, 17,-1, 'Not applicable')
insert into ref_lsaValues (FileNumber, ColumnNumber, intValue, textValue) values (3, 17,1, 'AO')
insert into ref_lsaValues (FileNumber, ColumnNumber, intValue, textValue) values (3, 17,2, 'AC')
insert into ref_lsaValues (FileNumber, ColumnNumber, intValue, textValue) values (3, 17,3, 'CO')
insert into ref_lsaValues (FileNumber, ColumnNumber, intValue, textValue) values (3, 17,12, 'AO and AC')
insert into ref_lsaValues (FileNumber, ColumnNumber, intValue, textValue) values (3, 17,13, 'AO and CO')
insert into ref_lsaValues (FileNumber, ColumnNumber, intValue, textValue) values (3, 17,23, 'AC and CO')
insert into ref_lsaValues (FileNumber, ColumnNumber, intValue, textValue) values (3, 17,123, 'AO, AC, and CO')
insert into ref_lsaValues (FileNumber, ColumnNumber, intValue, textValue) values (3, 18,-1, 'Not applicable')
insert into ref_lsaValues (FileNumber, ColumnNumber, intValue, textValue) values (3, 18,1, 'AO')
insert into ref_lsaValues (FileNumber, ColumnNumber, intValue, textValue) values (3, 18,2, 'AC')
insert into ref_lsaValues (FileNumber, ColumnNumber, intValue, textValue) values (3, 18,12, 'AO and AC')
insert into ref_lsaValues (FileNumber, ColumnNumber, intValue, textValue) values (3, 19,-1, 'Not applicable')
insert into ref_lsaValues (FileNumber, ColumnNumber, intValue, textValue) values (3, 19,1, 'AO')
insert into ref_lsaValues (FileNumber, ColumnNumber, intValue, textValue) values (3, 19,2, 'AC')
insert into ref_lsaValues (FileNumber, ColumnNumber, intValue, textValue) values (3, 19,3, 'CO')
insert into ref_lsaValues (FileNumber, ColumnNumber, intValue, textValue) values (3, 19,12, 'AO and AC')
insert into ref_lsaValues (FileNumber, ColumnNumber, intValue, textValue) values (3, 19,13, 'AO and CO')
insert into ref_lsaValues (FileNumber, ColumnNumber, intValue, textValue) values (3, 19,23, 'AC and CO')
insert into ref_lsaValues (FileNumber, ColumnNumber, intValue, textValue) values (3, 19,123, 'AO, AC, and CO')
insert into ref_lsaValues (FileNumber, ColumnNumber, intValue, textValue) values (3, 20,-1, 'Not applicable')
insert into ref_lsaValues (FileNumber, ColumnNumber, intValue, textValue) values (3, 20,1, 'AO')
insert into ref_lsaValues (FileNumber, ColumnNumber, intValue, textValue) values (3, 20,2, 'AC')
insert into ref_lsaValues (FileNumber, ColumnNumber, intValue, textValue) values (3, 20,3, 'CO')
insert into ref_lsaValues (FileNumber, ColumnNumber, intValue, textValue) values (3, 20,12, 'AO and AC')
insert into ref_lsaValues (FileNumber, ColumnNumber, intValue, textValue) values (3, 20,13, 'AO and CO')
insert into ref_lsaValues (FileNumber, ColumnNumber, intValue, textValue) values (3, 20,23, 'AC and CO')
insert into ref_lsaValues (FileNumber, ColumnNumber, intValue, textValue) values (3, 20,123, 'AO, AC, and CO')
insert into ref_lsaValues (FileNumber, ColumnNumber, intValue, textValue) values (3, 21,-1, 'Not applicable')
insert into ref_lsaValues (FileNumber, ColumnNumber, intValue, textValue) values (3, 21,18, 'The oldest adult in AO or AC household is between 18 and 21')
insert into ref_lsaValues (FileNumber, ColumnNumber, intValue, textValue) values (3, 21,24, 'The oldest adult in AO or AC household is between 22 and 24')
insert into ref_lsaValues (FileNumber, ColumnNumber, intValue, textValue) values (3, 21,25, 'At least one adult in AO household is 25 or older; at least one is under 55')
insert into ref_lsaValues (FileNumber, ColumnNumber, intValue, textValue) values (3, 21,55, 'All adults in AO household are 55 or older')
insert into ref_lsaValues (FileNumber, ColumnNumber, intValue, textValue) values (3, 22,-1, 'Not applicable')
insert into ref_lsaValues (FileNumber, ColumnNumber, intValue, textValue) values (3, 22,2, 'AC')
insert into ref_lsaValues (FileNumber, ColumnNumber, intValue, textValue) values (3, 22,3, 'CO')
insert into ref_lsaValues (FileNumber, ColumnNumber, intValue, textValue) values (3, 22,23, 'AC and CO')
insert into ref_lsaValues (FileNumber, ColumnNumber, intValue, textValue) values (3, 23,0, 'Not served in AC HH with 3+ children')
insert into ref_lsaValues (FileNumber, ColumnNumber, intValue, textValue) values (3, 23,1, 'Served in AC household with 3+ children')
insert into ref_lsaValues (FileNumber, ColumnNumber, intValue, textValue) values (4, 2,-2, 'Exit in period (ReportStart - 2 years) to (ReportEnd - 2 years)')
insert into ref_lsaValues (FileNumber, ColumnNumber, intValue, textValue) values (4, 2,-1, 'Exit in period (ReportStart - 1 year) to (ReportEnd - 1 year)')
insert into ref_lsaValues (FileNumber, ColumnNumber, intValue, textValue) values (4, 2,0, 'Exit in period (ReportStart) to (ReportEnd - 6 months). If ReportEnd - 6 months < ReportStart, use ReportEnd. ')
insert into ref_lsaValues (FileNumber, ColumnNumber, intValue, textValue) values (4, 3,1, 'Engage with continuum for first time or after at least 730 days inactive')
insert into ref_lsaValues (FileNumber, ColumnNumber, intValue, textValue) values (4, 3,2, 'Return to continuum 15-730 days after exit to permanent destination')
insert into ref_lsaValues (FileNumber, ColumnNumber, intValue, textValue) values (4, 3,3, 'Re-engage with continuum 15-730 days after exit to temporary destination')
insert into ref_lsaValues (FileNumber, ColumnNumber, intValue, textValue) values (4, 3,4, 'Re-engage with continuum 15-730 days after exit to unknown destination')
insert into ref_lsaValues (FileNumber, ColumnNumber, intValue, textValue) values (4, 3,5, 'Continuous engagement with continuum prior to active enrollment OR active enrollment > 730 days prior to report period')
insert into ref_lsaValues (FileNumber, ColumnNumber, intValue, textValue) values (4, 4,1, 'SO')
insert into ref_lsaValues (FileNumber, ColumnNumber, intValue, textValue) values (4, 4,2, 'ES')
insert into ref_lsaValues (FileNumber, ColumnNumber, intValue, textValue) values (4, 4,3, 'TH')
insert into ref_lsaValues (FileNumber, ColumnNumber, intValue, textValue) values (4, 4,4, 'SH')
insert into ref_lsaValues (FileNumber, ColumnNumber, intValue, textValue) values (4, 4,5, 'RRH')
insert into ref_lsaValues (FileNumber, ColumnNumber, intValue, textValue) values (4, 4,6, 'PSH')
insert into ref_lsaValues (FileNumber, ColumnNumber, intValue, textValue) values (4, 5,1, 'PSH')
insert into ref_lsaValues (FileNumber, ColumnNumber, intValue, textValue) values (4, 5,2, 'PH - rent/temp subsidy')
insert into ref_lsaValues (FileNumber, ColumnNumber, intValue, textValue) values (4, 5,3, 'PH - rent/own with subsidy')
insert into ref_lsaValues (FileNumber, ColumnNumber, intValue, textValue) values (4, 5,4, 'PH - rent/own no subsidy')
insert into ref_lsaValues (FileNumber, ColumnNumber, intValue, textValue) values (4, 5,5, 'Family - perm')
insert into ref_lsaValues (FileNumber, ColumnNumber, intValue, textValue) values (4, 5,6, 'Friends - perm')
insert into ref_lsaValues (FileNumber, ColumnNumber, intValue, textValue) values (4, 5,7, 'Institutions - group/assisted')
insert into ref_lsaValues (FileNumber, ColumnNumber, intValue, textValue) values (4, 5,8, 'Institutions - medical')
insert into ref_lsaValues (FileNumber, ColumnNumber, intValue, textValue) values (4, 5,9, 'Institutions - incarceration')
insert into ref_lsaValues (FileNumber, ColumnNumber, intValue, textValue) values (4, 5,10, 'Temporary - not homeless')
insert into ref_lsaValues (FileNumber, ColumnNumber, intValue, textValue) values (4, 5,11, 'Homeless - ES/SH/TH')
insert into ref_lsaValues (FileNumber, ColumnNumber, intValue, textValue) values (4, 5,12, 'Homeless - Street')
insert into ref_lsaValues (FileNumber, ColumnNumber, intValue, textValue) values (4, 5,13, 'Family - temp')
insert into ref_lsaValues (FileNumber, ColumnNumber, intValue, textValue) values (4, 5,14, 'Friends - temp')
insert into ref_lsaValues (FileNumber, ColumnNumber, intValue, textValue) values (4, 5,15, 'Deceased')
insert into ref_lsaValues (FileNumber, ColumnNumber, intValue, textValue) values (4, 5,99, 'Unknown')
insert into ref_lsaValues (FileNumber, ColumnNumber, intValue, textValue) values (4, 6,-1, 'Not applicable ')
insert into ref_lsaValues (FileNumber, ColumnNumber, intValue, textValue) values (4, 6,30, '15-30 days')
insert into ref_lsaValues (FileNumber, ColumnNumber, intValue, textValue) values (4, 6,60, '31-60 days')
insert into ref_lsaValues (FileNumber, ColumnNumber, intValue, textValue) values (4, 6,90, '61-90 days')
insert into ref_lsaValues (FileNumber, ColumnNumber, intValue, textValue) values (4, 6,180, '91-180 days')
insert into ref_lsaValues (FileNumber, ColumnNumber, intValue, textValue) values (4, 6,365, '181-365 days')
insert into ref_lsaValues (FileNumber, ColumnNumber, intValue, textValue) values (4, 6,547, '366-547 days')
insert into ref_lsaValues (FileNumber, ColumnNumber, intValue, textValue) values (4, 6,730, '548-730 days')
insert into ref_lsaValues (FileNumber, ColumnNumber, intValue, textValue) values (4, 7,1, 'AO (adult)')
insert into ref_lsaValues (FileNumber, ColumnNumber, intValue, textValue) values (4, 7,2, 'AC (adult & child)')
insert into ref_lsaValues (FileNumber, ColumnNumber, intValue, textValue) values (4, 7,3, 'CO (child)')
insert into ref_lsaValues (FileNumber, ColumnNumber, intValue, textValue) values (4, 7,99, 'UN (unknown)')
--CHANGE 11/9/2018 - correct column numbers for LSAExit (FileNumber 4) from here down  
insert into ref_lsaValues (FileNumber, ColumnNumber, intValue, textValue) values (4, 8,0, 'No')
insert into ref_lsaValues (FileNumber, ColumnNumber, intValue, textValue) values (4, 8,1, 'HH includes veteran adult')
insert into ref_lsaValues (FileNumber, ColumnNumber, intValue, textValue) values (4, 9,0, 'No')
insert into ref_lsaValues (FileNumber, ColumnNumber, intValue, textValue) values (4, 9,1, 'HH includes disabled adult or HoH')
insert into ref_lsaValues (FileNumber, ColumnNumber, intValue, textValue) values (4, 10,0, 'No')
insert into ref_lsaValues (FileNumber, ColumnNumber, intValue, textValue) values (4, 10,1, 'HH is fleeing domestic violence')
insert into ref_lsaValues (FileNumber, ColumnNumber, intValue, textValue) values (4, 11,0, 'White, non-Hispanic/Latino')
insert into ref_lsaValues (FileNumber, ColumnNumber, intValue, textValue) values (4, 11,1, 'White, Hispanic/Latino')
insert into ref_lsaValues (FileNumber, ColumnNumber, intValue, textValue) values (4, 11,2, 'Black or African American ')
insert into ref_lsaValues (FileNumber, ColumnNumber, intValue, textValue) values (4, 11,3, 'Asian ')
insert into ref_lsaValues (FileNumber, ColumnNumber, intValue, textValue) values (4, 11,4, 'American Indian or Alaska Native ')
insert into ref_lsaValues (FileNumber, ColumnNumber, intValue, textValue) values (4, 11,5, 'Native Hawaiian / Other Pacific Islander')
insert into ref_lsaValues (FileNumber, ColumnNumber, intValue, textValue) values (4, 11,6, 'Multiple Races')
insert into ref_lsaValues (FileNumber, ColumnNumber, intValue, textValue) values (4, 11,98, 'Client doesn''t know/refused')
insert into ref_lsaValues (FileNumber, ColumnNumber, intValue, textValue) values (4, 11,99, 'Missing/invalid')
insert into ref_lsaValues (FileNumber, ColumnNumber, intValue, textValue) values (4, 12,0, 'Not Hispanic/Latino')
insert into ref_lsaValues (FileNumber, ColumnNumber, intValue, textValue) values (4, 12,1, 'Hispanic/Latino')
insert into ref_lsaValues (FileNumber, ColumnNumber, intValue, textValue) values (4, 12,98, 'Client doesn''t know/refused')
insert into ref_lsaValues (FileNumber, ColumnNumber, intValue, textValue) values (4, 12,99, 'Missing/invalid')
insert into ref_lsaValues (FileNumber, ColumnNumber, intValue, textValue) values (4, 12,-1, 'Not applicable')
insert into ref_lsaValues (FileNumber, ColumnNumber, intValue, textValue) values (4, 13,18, 'The oldest adult in AO or AC household is between 18 and 21')
insert into ref_lsaValues (FileNumber, ColumnNumber, intValue, textValue) values (4, 13,24, 'The oldest adult in AO or AC household is between 22 and 24')
insert into ref_lsaValues (FileNumber, ColumnNumber, intValue, textValue) values (4, 13,25, 'At least one adult in AO household is 25 or older; at least one is under 55')
insert into ref_lsaValues (FileNumber, ColumnNumber, intValue, textValue) values (4, 13,55, 'All adults in AO household are 55 or older')
insert into ref_lsaValues (FileNumber, ColumnNumber, intValue, textValue) values (4, 14,0, 'No person in HH whose relationship to HoH is ''Child''')
insert into ref_lsaValues (FileNumber, ColumnNumber, intValue, textValue) values (4, 14,1, 'HH has at least one person whose relationship to HoH is ''Child''')
insert into ref_lsaValues (FileNumber, ColumnNumber, intValue, textValue) values (4, 15,0, 'Not served in AC HH with 3+ children')
insert into ref_lsaValues (FileNumber, ColumnNumber, intValue, textValue) values (4, 15,1, 'Served in AC household with 3+ children')
insert into ref_lsaValues (FileNumber, ColumnNumber, intValue, textValue) values (4, 16,-1, 'Not applicable')
insert into ref_lsaValues (FileNumber, ColumnNumber, intValue, textValue) values (4, 16,1, 'ES/SH only')
insert into ref_lsaValues (FileNumber, ColumnNumber, intValue, textValue) values (4, 16,2, 'TH only')
insert into ref_lsaValues (FileNumber, ColumnNumber, intValue, textValue) values (4, 16,3, 'ES/SH + TH only')
insert into ref_lsaValues (FileNumber, ColumnNumber, intValue, textValue) values (4, 16,4, 'RRH only')
insert into ref_lsaValues (FileNumber, ColumnNumber, intValue, textValue) values (4, 16,5, 'ES/SH + RRH only')
insert into ref_lsaValues (FileNumber, ColumnNumber, intValue, textValue) values (4, 16,6, 'TH + RRH only')
insert into ref_lsaValues (FileNumber, ColumnNumber, intValue, textValue) values (4, 16,7, 'ES/SH + TH + RRH only')
insert into ref_lsaValues (FileNumber, ColumnNumber, intValue, textValue) values (4, 16,8, 'PSH only')
insert into ref_lsaValues (FileNumber, ColumnNumber, intValue, textValue) values (4, 16,9, 'ES/SH + PSH only')
insert into ref_lsaValues (FileNumber, ColumnNumber, intValue, textValue) values (4, 16,10, 'ES/SH + RRH + PSH only')
insert into ref_lsaValues (FileNumber, ColumnNumber, intValue, textValue) values (4, 16,11, 'RRH + PSH only')
insert into ref_lsaValues (FileNumber, ColumnNumber, intValue, textValue) values (4, 16,12, 'All other combinations')
insert into ref_lsaValues (FileNumber, ColumnNumber, intValue, textValue) values (5, 2,-2, 'Exit in period (ReportStart - 2 years) to (ReportEnd - 2 years)')
insert into ref_lsaValues (FileNumber, ColumnNumber, intValue, textValue) values (5, 2,-1, 'Exit in period (ReportStart - 1 year) to (ReportEnd - 1 year)')
insert into ref_lsaValues (FileNumber, ColumnNumber, intValue, textValue) values (5, 2,0, 'Exit in period ReportStart to the later of (ReportEnd - 6 months) or ReportEnd')
insert into ref_lsaValues (FileNumber, ColumnNumber, intValue, textValue) values (5, 2,1, 'Active in the current report period')
insert into ref_lsaValues (FileNumber, ColumnNumber, intValue, textValue) values (5, 2,10, 'Active October 31')
insert into ref_lsaValues (FileNumber, ColumnNumber, intValue, textValue) values (5, 2,11, 'Active January 31')
insert into ref_lsaValues (FileNumber, ColumnNumber, intValue, textValue) values (5, 2,12, 'Active April 30')
insert into ref_lsaValues (FileNumber, ColumnNumber, intValue, textValue) values (5, 2,13, 'Active July 31')
insert into ref_lsaValues (FileNumber, ColumnNumber, intValue, textValue) values (5, 3,-1, 'All')
insert into ref_lsaValues (FileNumber, ColumnNumber, intValue, textValue) values (5, 3,2, 'Return to continuum 15-730 days after exit to permanent destination')
insert into ref_lsaValues (FileNumber, ColumnNumber, intValue, textValue) values (5, 3,3, 'Re-engage with continuum 15-730 days after exit to temporary destination')
insert into ref_lsaValues (FileNumber, ColumnNumber, intValue, textValue) values (5, 3,4, 'Re-engage with continuum 15-730 days after exit to unknown destination')
insert into ref_lsaValues (FileNumber, ColumnNumber, intValue, textValue) values (5, 3,10, 'Project-level')
insert into ref_lsaValues (FileNumber, ColumnNumber, intValue, textValue) values (5, 3,11, 'ES Project Type')
insert into ref_lsaValues (FileNumber, ColumnNumber, intValue, textValue) values (5, 3,12, 'SH Project Type')
insert into ref_lsaValues (FileNumber, ColumnNumber, intValue, textValue) values (5, 3,13, 'TH Project Type')
insert into ref_lsaValues (FileNumber, ColumnNumber, intValue, textValue) values (5, 3,14, 'Housed in RRH Project Type')
insert into ref_lsaValues (FileNumber, ColumnNumber, intValue, textValue) values (5, 3,15, 'Housed in PSH Project Type')
insert into ref_lsaValues (FileNumber, ColumnNumber, intValue, textValue) values (5, 3,16, 'ES/SH/TH Project Type')
insert into ref_lsaValues (FileNumber, ColumnNumber, intValue, textValue) values (5, 4,0, 'All')
insert into ref_lsaValues (FileNumber, ColumnNumber, intValue, textValue) values (5, 4,1, 'AO')
insert into ref_lsaValues (FileNumber, ColumnNumber, intValue, textValue) values (5, 4,2, 'AC')
insert into ref_lsaValues (FileNumber, ColumnNumber, intValue, textValue) values (5, 4,3, 'CO')
insert into ref_lsaValues (FileNumber, ColumnNumber, intValue, textValue) values (5, 5,0, 'All/not applicable')
insert into ref_lsaValues (FileNumber, ColumnNumber, intValue, textValue) values (5, 5,1, 'Youth 18-21')
insert into ref_lsaValues (FileNumber, ColumnNumber, intValue, textValue) values (5, 5,2, 'Youth 22-24')
insert into ref_lsaValues (FileNumber, ColumnNumber, intValue, textValue) values (5, 5,3, 'Veterans')
insert into ref_lsaValues (FileNumber, ColumnNumber, intValue, textValue) values (5, 5,4, 'Non-Veterans 25+')
insert into ref_lsaValues (FileNumber, ColumnNumber, intValue, textValue) values (5, 5,5, 'Disabled Adults/Heads of Household')
insert into ref_lsaValues (FileNumber, ColumnNumber, intValue, textValue) values (5, 5,6, 'Chronically Homeless Adults/Heads of Household')
insert into ref_lsaValues (FileNumber, ColumnNumber, intValue, textValue) values (5, 5,7, 'Fleeing Domestic Violence')
insert into ref_lsaValues (FileNumber, ColumnNumber, intValue, textValue) values (5, 5,8, 'Seniors 55+')
insert into ref_lsaValues (FileNumber, ColumnNumber, intValue, textValue) values (5, 5,9, 'Parenting Youth 18-24')
insert into ref_lsaValues (FileNumber, ColumnNumber, intValue, textValue) values (5, 5,10, 'Parenting Children')
insert into ref_lsaValues (FileNumber, ColumnNumber, intValue, textValue) values (5, 5,11, 'Households with 3+ Children')
insert into ref_lsaValues (FileNumber, ColumnNumber, intValue, textValue) values (5, 5,12, 'First Time Homeless Household')
insert into ref_lsaValues (FileNumber, ColumnNumber, intValue, textValue) values (5, 5,13, 'Household Returning After Exit to PH')
insert into ref_lsaValues (FileNumber, ColumnNumber, intValue, textValue) values (5, 5,14, 'Household with PSH Move-In Date in Report Period')
insert into ref_lsaValues (FileNumber, ColumnNumber, intValue, textValue) values (5, 5,15, 'White, non-Hispanic/Latino')
insert into ref_lsaValues (FileNumber, ColumnNumber, intValue, textValue) values (5, 5,16, 'White, Hispanic/Latino')
insert into ref_lsaValues (FileNumber, ColumnNumber, intValue, textValue) values (5, 5,17, 'Black or African American')
insert into ref_lsaValues (FileNumber, ColumnNumber, intValue, textValue) values (5, 5,18, 'Asian')
insert into ref_lsaValues (FileNumber, ColumnNumber, intValue, textValue) values (5, 5,19, 'American Indian or Alaska Native')
insert into ref_lsaValues (FileNumber, ColumnNumber, intValue, textValue) values (5, 5,20, 'Native Hawaiian / Other Pacific Islander')
insert into ref_lsaValues (FileNumber, ColumnNumber, intValue, textValue) values (5, 5,21, 'Multiple Races')
insert into ref_lsaValues (FileNumber, ColumnNumber, intValue, textValue) values (5, 5,22, 'Non-Hispanic/Latino')
insert into ref_lsaValues (FileNumber, ColumnNumber, intValue, textValue) values (5, 5,23, 'Hispanic/Latino')
insert into ref_lsaValues (FileNumber, ColumnNumber, intValue, textValue) values (5, 5,24, '<1 year')
insert into ref_lsaValues (FileNumber, ColumnNumber, intValue, textValue) values (5, 5,25, '1 to 2 years')
insert into ref_lsaValues (FileNumber, ColumnNumber, intValue, textValue) values (5, 5,26, '3 to 5 years')
insert into ref_lsaValues (FileNumber, ColumnNumber, intValue, textValue) values (5, 5,27, '6 to 17 years')
insert into ref_lsaValues (FileNumber, ColumnNumber, intValue, textValue) values (5, 5,28, '18 to 21 years')
insert into ref_lsaValues (FileNumber, ColumnNumber, intValue, textValue) values (5, 5,29, '22 to 24 years')
insert into ref_lsaValues (FileNumber, ColumnNumber, intValue, textValue) values (5, 5,30, '25 to 34 years')
insert into ref_lsaValues (FileNumber, ColumnNumber, intValue, textValue) values (5, 5,31, '35 to 44 years')
insert into ref_lsaValues (FileNumber, ColumnNumber, intValue, textValue) values (5, 5,32, '45 to 54 years')
insert into ref_lsaValues (FileNumber, ColumnNumber, intValue, textValue) values (5, 5,33, '55 to 64 years')
insert into ref_lsaValues (FileNumber, ColumnNumber, intValue, textValue) values (5, 5,34, '65 and older')
insert into ref_lsaValues (FileNumber, ColumnNumber, intValue, textValue) values (5, 5,35, 'Female')
insert into ref_lsaValues (FileNumber, ColumnNumber, intValue, textValue) values (5, 5,36, 'Male')
insert into ref_lsaValues (FileNumber, ColumnNumber, intValue, textValue) values (5, 5,37, 'Transgender')
insert into ref_lsaValues (FileNumber, ColumnNumber, intValue, textValue) values (5, 5,38, 'Gender non-conforming')
insert into ref_lsaValues (FileNumber, ColumnNumber, intValue, textValue) values (5, 5,39, 'Youth Household 18-21 - Disabled Adult/HoH')
insert into ref_lsaValues (FileNumber, ColumnNumber, intValue, textValue) values (5, 5,40, 'Youth Household 18-21 - Fleeing Domestic Violence')
insert into ref_lsaValues (FileNumber, ColumnNumber, intValue, textValue) values (5, 5,41, 'Youth Household 18-21 - First Time Homeless')
insert into ref_lsaValues (FileNumber, ColumnNumber, intValue, textValue) values (5, 5,42, 'Youth Household 18-21 - Returning after Exit to PH')
insert into ref_lsaValues (FileNumber, ColumnNumber, intValue, textValue) values (5, 5,43, 'Youth Household 18-21 - PSH Move-In During Report Period')
insert into ref_lsaValues (FileNumber, ColumnNumber, intValue, textValue) values (5, 5,44, 'Youth Household 18-21 - White, non-Hispanic/Latino HoH')
insert into ref_lsaValues (FileNumber, ColumnNumber, intValue, textValue) values (5, 5,45, 'Youth Household 18-21 - White, Hispanic/Latino HoH')
insert into ref_lsaValues (FileNumber, ColumnNumber, intValue, textValue) values (5, 5,46, 'Youth Household 18-21 - Black or African American HoH')
insert into ref_lsaValues (FileNumber, ColumnNumber, intValue, textValue) values (5, 5,47, 'Youth Household 18-21 - Asian HoH')
insert into ref_lsaValues (FileNumber, ColumnNumber, intValue, textValue) values (5, 5,48, 'Youth Household 18-21 - American Indian/Alaska Native HoH')
insert into ref_lsaValues (FileNumber, ColumnNumber, intValue, textValue) values (5, 5,49, 'Youth Household 18-21 - Native Hawaiian/Other Pacific Islander HoH')
insert into ref_lsaValues (FileNumber, ColumnNumber, intValue, textValue) values (5, 5,50, 'Youth Household 18-21 - Multi-Racial HoH')
insert into ref_lsaValues (FileNumber, ColumnNumber, intValue, textValue) values (5, 5,51, 'Youth Household 18-21 - Non-Hispanic/Latino HoH')
insert into ref_lsaValues (FileNumber, ColumnNumber, intValue, textValue) values (5, 5,52, 'Youth Household 18-21 - Hispanic/Latino HoH')
insert into ref_lsaValues (FileNumber, ColumnNumber, intValue, textValue) values (5, 5,53, 'Youth Household 22-24 - Disabled Adult/HoH')
insert into ref_lsaValues (FileNumber, ColumnNumber, intValue, textValue) values (5, 5,54, 'Youth Household 22-24 - Fleeing Domestic Violence')
insert into ref_lsaValues (FileNumber, ColumnNumber, intValue, textValue) values (5, 5,55, 'Youth Household 22-24 - First Time Homeless')
insert into ref_lsaValues (FileNumber, ColumnNumber, intValue, textValue) values (5, 5,56, 'Youth Household 22-24 - Returning after Exit to PH')
insert into ref_lsaValues (FileNumber, ColumnNumber, intValue, textValue) values (5, 5,57, 'Youth Household 22-24 - PSH Move-In During Report Period')
insert into ref_lsaValues (FileNumber, ColumnNumber, intValue, textValue) values (5, 5,58, 'Youth Household 22-24 - White, non-Hispanic/Latino HoH')
insert into ref_lsaValues (FileNumber, ColumnNumber, intValue, textValue) values (5, 5,59, 'Youth Household 22-24 - White, Hispanic/Latino HoH')
insert into ref_lsaValues (FileNumber, ColumnNumber, intValue, textValue) values (5, 5,60, 'Youth Household 22-24 - Black or African American HoH')
insert into ref_lsaValues (FileNumber, ColumnNumber, intValue, textValue) values (5, 5,61, 'Youth Household 22-24 - Asian HoH')
insert into ref_lsaValues (FileNumber, ColumnNumber, intValue, textValue) values (5, 5,62, 'Youth Household 22-24 - American Indian/Alaska Native HoH')
insert into ref_lsaValues (FileNumber, ColumnNumber, intValue, textValue) values (5, 5,63, 'Youth Household 22-24 - Native Hawaiian/Other Pacific Islander HoH')
insert into ref_lsaValues (FileNumber, ColumnNumber, intValue, textValue) values (5, 5,64, 'Youth Household 22-24 - Multi-Racial HoH')
insert into ref_lsaValues (FileNumber, ColumnNumber, intValue, textValue) values (5, 5,65, 'Youth Household 22-24 - Non-Hispanic/Latino HoH')
insert into ref_lsaValues (FileNumber, ColumnNumber, intValue, textValue) values (5, 5,66, 'Youth Household 22-24 - Hispanic/Latino HoH')
insert into ref_lsaValues (FileNumber, ColumnNumber, intValue, textValue) values (5, 5,67, 'Non-Veteran Household 25+ - Disabled Adult/HoH')
insert into ref_lsaValues (FileNumber, ColumnNumber, intValue, textValue) values (5, 5,68, 'Non-Veteran Household 25+ - Fleeing Domestic Violence')
insert into ref_lsaValues (FileNumber, ColumnNumber, intValue, textValue) values (5, 5,69, 'Non-Veteran Household 25+ - First Time Homeless')
insert into ref_lsaValues (FileNumber, ColumnNumber, intValue, textValue) values (5, 5,70, 'Non-Veteran Household 25+ - Returning after Exit to PH')
insert into ref_lsaValues (FileNumber, ColumnNumber, intValue, textValue) values (5, 5,71, 'Non-Veteran Household 25+ - Household with PSH Move-In During Report Period')
insert into ref_lsaValues (FileNumber, ColumnNumber, intValue, textValue) values (5, 5,72, 'Non-Veteran Household 25+ - White, non-Hispanic/Latino HoH')
insert into ref_lsaValues (FileNumber, ColumnNumber, intValue, textValue) values (5, 5,73, 'Non-Veteran Household 25+ - White, Hispanic/Latino HoH')
insert into ref_lsaValues (FileNumber, ColumnNumber, intValue, textValue) values (5, 5,74, 'Non-Veteran Household 25+ - Black or African American HoH')
insert into ref_lsaValues (FileNumber, ColumnNumber, intValue, textValue) values (5, 5,75, 'Non-Veteran Household 25+ - Asian HoH')
insert into ref_lsaValues (FileNumber, ColumnNumber, intValue, textValue) values (5, 5,76, 'Non-Veteran Household 25+ - American Indian/Alaska Native HoH')
insert into ref_lsaValues (FileNumber, ColumnNumber, intValue, textValue) values (5, 5,77, 'Non-Veteran Household 25+ - Native Hawaiian/Other Pacific Islander HoH')
insert into ref_lsaValues (FileNumber, ColumnNumber, intValue, textValue) values (5, 5,78, 'Non-Veteran Household 25+ - Multi-Racial HoH')
insert into ref_lsaValues (FileNumber, ColumnNumber, intValue, textValue) values (5, 5,79, 'Non-Veteran Household 25+ - Non-Hispanic/Latino HoH')
insert into ref_lsaValues (FileNumber, ColumnNumber, intValue, textValue) values (5, 5,80, 'Non-Veteran Household 25+ - Hispanic/Latino HoH')
insert into ref_lsaValues (FileNumber, ColumnNumber, intValue, textValue) values (5, 5,81, 'Veteran Household - Disabled Adult/HoH')
insert into ref_lsaValues (FileNumber, ColumnNumber, intValue, textValue) values (5, 5,82, 'Veteran Household - Fleeing Domestic Violence')
insert into ref_lsaValues (FileNumber, ColumnNumber, intValue, textValue) values (5, 5,83, 'Veteran Household - First Time Homeless')
insert into ref_lsaValues (FileNumber, ColumnNumber, intValue, textValue) values (5, 5,84, 'Veteran Household - Returning after Exit to PH')
insert into ref_lsaValues (FileNumber, ColumnNumber, intValue, textValue) values (5, 5,85, 'Veteran Household - PSH Move-In During Report Period')
insert into ref_lsaValues (FileNumber, ColumnNumber, intValue, textValue) values (5, 5,86, 'Veteran Household - White, non-Hispanic/Latino HoH')
insert into ref_lsaValues (FileNumber, ColumnNumber, intValue, textValue) values (5, 5,87, 'Veteran Household - White, Hispanic/Latino HoH')
insert into ref_lsaValues (FileNumber, ColumnNumber, intValue, textValue) values (5, 5,88, 'Veteran Household - Black or African American HoH')
insert into ref_lsaValues (FileNumber, ColumnNumber, intValue, textValue) values (5, 5,89, 'Veteran Household - Asian HoH')
insert into ref_lsaValues (FileNumber, ColumnNumber, intValue, textValue) values (5, 5,90, 'Veteran Household - American Indian/Alaska Native HoH')
insert into ref_lsaValues (FileNumber, ColumnNumber, intValue, textValue) values (5, 5,91, 'Veteran Household - Native Hawaiian/Other Pacific Islander HoH')
insert into ref_lsaValues (FileNumber, ColumnNumber, intValue, textValue) values (5, 5,92, 'Veteran Household - Multi-Racial HoH')
insert into ref_lsaValues (FileNumber, ColumnNumber, intValue, textValue) values (5, 5,93, 'Veteran Household - Non-Hispanic/Latino HoH')
insert into ref_lsaValues (FileNumber, ColumnNumber, intValue, textValue) values (5, 5,94, 'Veteran Household - Hispanic/Latino HoH')
insert into ref_lsaValues (FileNumber, ColumnNumber, intValue, textValue) values (5, 5,95, 'Veteran Household 55+')
insert into ref_lsaValues (FileNumber, ColumnNumber, intValue, textValue) values (5, 5,96, 'Non-Veteran Household 55+')
insert into ref_lsaValues (FileNumber, ColumnNumber, intValue, textValue) values (5, 5,97, 'Veteran - Female')
insert into ref_lsaValues (FileNumber, ColumnNumber, intValue, textValue) values (5, 5,98, 'Veteran - Male')
insert into ref_lsaValues (FileNumber, ColumnNumber, intValue, textValue) values (5, 5,99, 'Veteran - Transgender')
insert into ref_lsaValues (FileNumber, ColumnNumber, intValue, textValue) values (5, 5,100, 'Veteran - Gender non-conforming')
insert into ref_lsaValues (FileNumber, ColumnNumber, intValue, textValue) values (5, 5,101, 'Veteran - White, non-Hispanic/Latino')
insert into ref_lsaValues (FileNumber, ColumnNumber, intValue, textValue) values (5, 5,102, 'Veteran - White, Hispanic/Latino')
insert into ref_lsaValues (FileNumber, ColumnNumber, intValue, textValue) values (5, 5,103, 'Veteran - Black or African American')
insert into ref_lsaValues (FileNumber, ColumnNumber, intValue, textValue) values (5, 5,104, 'Veteran - Asian')
insert into ref_lsaValues (FileNumber, ColumnNumber, intValue, textValue) values (5, 5,105, 'Veteran - American Indian or Alaska Native')
insert into ref_lsaValues (FileNumber, ColumnNumber, intValue, textValue) values (5, 5,106, 'Veteran - Native Hawaiian / Other Pacific Islander')
insert into ref_lsaValues (FileNumber, ColumnNumber, intValue, textValue) values (5, 5,107, 'Veteran - Multiple Races')
insert into ref_lsaValues (FileNumber, ColumnNumber, intValue, textValue) values (5, 5,108, 'Veteran - Non-Hispanic/Latino')
insert into ref_lsaValues (FileNumber, ColumnNumber, intValue, textValue) values (5, 5,109, 'Veteran - Hispanic/Latino')
insert into ref_lsaValues (FileNumber, ColumnNumber, intValue, textValue) values (5, 5,110, 'Veteran - Chronically Homeless')
insert into ref_lsaValues (FileNumber, ColumnNumber, intValue, textValue) values (5, 5,111, 'Veteran - Disabled')
insert into ref_lsaValues (FileNumber, ColumnNumber, intValue, textValue) values (5, 5,112, 'Veteran - Fleeing Domestic Violence')
insert into ref_lsaValues (FileNumber, ColumnNumber, intValue, textValue) values (5, 5,113, 'Parenting Youth - Female')
insert into ref_lsaValues (FileNumber, ColumnNumber, intValue, textValue) values (5, 5,114, 'Parenting Youth - Male')
insert into ref_lsaValues (FileNumber, ColumnNumber, intValue, textValue) values (5, 5,115, 'Parenting Youth - Transgender')
insert into ref_lsaValues (FileNumber, ColumnNumber, intValue, textValue) values (5, 5,116, 'Parenting Youth - Gender non-conforming')
insert into ref_lsaValues (FileNumber, ColumnNumber, intValue, textValue) values (5, 5,117, 'Parenting Youth - White, non-Hispanic/Latino')
insert into ref_lsaValues (FileNumber, ColumnNumber, intValue, textValue) values (5, 5,118, 'Parenting Youth - White, Hispanic/Latino')
insert into ref_lsaValues (FileNumber, ColumnNumber, intValue, textValue) values (5, 5,119, 'Parenting Youth - Black or African American')
insert into ref_lsaValues (FileNumber, ColumnNumber, intValue, textValue) values (5, 5,120, 'Parenting Youth - Asian')
insert into ref_lsaValues (FileNumber, ColumnNumber, intValue, textValue) values (5, 5,121, 'Parenting Youth - American Indian or Alaska Native')
insert into ref_lsaValues (FileNumber, ColumnNumber, intValue, textValue) values (5, 5,122, 'Parenting Youth - Native Hawaiian / Other Pacific Islander')
insert into ref_lsaValues (FileNumber, ColumnNumber, intValue, textValue) values (5, 5,123, 'Parenting Youth - Multiple Races')
insert into ref_lsaValues (FileNumber, ColumnNumber, intValue, textValue) values (5, 5,124, 'Parenting Youth - Non-Hispanic/Latino')
insert into ref_lsaValues (FileNumber, ColumnNumber, intValue, textValue) values (5, 5,125, 'Parenting Youth - Hispanic/Latino')
insert into ref_lsaValues (FileNumber, ColumnNumber, intValue, textValue) values (5, 5,126, 'Parenting Youth - Chronically Homeless')
insert into ref_lsaValues (FileNumber, ColumnNumber, intValue, textValue) values (5, 5,127, 'Parenting Youth - Disabled')
insert into ref_lsaValues (FileNumber, ColumnNumber, intValue, textValue) values (5, 5,128, 'Parenting Youth - Fleeing Domestic Violence')
insert into ref_lsaValues (FileNumber, ColumnNumber, intValue, textValue) values (5, 5,129, 'Parenting Child - Female')
insert into ref_lsaValues (FileNumber, ColumnNumber, intValue, textValue) values (5, 5,130, 'Parenting Child - Male')
insert into ref_lsaValues (FileNumber, ColumnNumber, intValue, textValue) values (5, 5,131, 'Parenting Child - Transgender')
insert into ref_lsaValues (FileNumber, ColumnNumber, intValue, textValue) values (5, 5,132, 'Parenting Child - Gender non-conforming')
insert into ref_lsaValues (FileNumber, ColumnNumber, intValue, textValue) values (5, 5,133, 'Parenting Child - White, non-Hispanic/Latino')
insert into ref_lsaValues (FileNumber, ColumnNumber, intValue, textValue) values (5, 5,134, 'Parenting Child - White, Hispanic/Latino')
insert into ref_lsaValues (FileNumber, ColumnNumber, intValue, textValue) values (5, 5,135, 'Parenting Child - Black or African American')
insert into ref_lsaValues (FileNumber, ColumnNumber, intValue, textValue) values (5, 5,136, 'Parenting Child - Asian')
insert into ref_lsaValues (FileNumber, ColumnNumber, intValue, textValue) values (5, 5,137, 'Parenting Child - American Indian or Alaska Native')
insert into ref_lsaValues (FileNumber, ColumnNumber, intValue, textValue) values (5, 5,138, 'Parenting Child - Native Hawaiian / Other Pacific Islander')
insert into ref_lsaValues (FileNumber, ColumnNumber, intValue, textValue) values (5, 5,139, 'Parenting Child - Multiple Races')
insert into ref_lsaValues (FileNumber, ColumnNumber, intValue, textValue) values (5, 5,140, 'Parenting Child - Non-Hispanic/Latino')
insert into ref_lsaValues (FileNumber, ColumnNumber, intValue, textValue) values (5, 5,141, 'Parenting Child - Hispanic/Latino')
insert into ref_lsaValues (FileNumber, ColumnNumber, intValue, textValue) values (5, 5,142, 'Parenting Child - Chronically Homeless')
insert into ref_lsaValues (FileNumber, ColumnNumber, intValue, textValue) values (5, 5,143, 'Parenting Child - Disabled')
insert into ref_lsaValues (FileNumber, ColumnNumber, intValue, textValue) values (5, 5,144, 'Parenting Child - Fleeing Domestic Violence')
insert into ref_lsaValues (FileNumber, ColumnNumber, intValue, textValue) values (5, 5,145, 'Age 18-21 in AO Youth Household')
insert into ref_lsaValues (FileNumber, ColumnNumber, intValue, textValue) values (5, 5,146, 'Age 22-24 in AO Youth Household')
insert into ref_lsaValues (FileNumber, ColumnNumber, intValue, textValue) values (5, 5,147, 'Age 18-21 in AC Parenting Youth Household')
insert into ref_lsaValues (FileNumber, ColumnNumber, intValue, textValue) values (5, 5,148, 'Age 22-24 in AC Parenting Youth Household')
insert into ref_lsaValues (FileNumber, ColumnNumber, intValue, textValue) values (5, 6,-1, 'Not applicable')
insert into ref_lsaValues (FileNumber, ColumnNumber, intValue, textValue) values (5, 6,1, 'ES/SH only')
insert into ref_lsaValues (FileNumber, ColumnNumber, intValue, textValue) values (5, 6,2, 'TH only')
insert into ref_lsaValues (FileNumber, ColumnNumber, intValue, textValue) values (5, 6,3, 'ES/SH + TH only')
insert into ref_lsaValues (FileNumber, ColumnNumber, intValue, textValue) values (5, 6,4, 'RRH only')
insert into ref_lsaValues (FileNumber, ColumnNumber, intValue, textValue) values (5, 6,5, 'ES/SH + RRH only')
insert into ref_lsaValues (FileNumber, ColumnNumber, intValue, textValue) values (5, 6,6, 'TH + RRH only')
insert into ref_lsaValues (FileNumber, ColumnNumber, intValue, textValue) values (5, 6,7, 'ES/SH + TH + RRH only')
insert into ref_lsaValues (FileNumber, ColumnNumber, intValue, textValue) values (5, 6,8, 'PSH only')
insert into ref_lsaValues (FileNumber, ColumnNumber, intValue, textValue) values (5, 6,9, 'ES/SH + PSH only')
insert into ref_lsaValues (FileNumber, ColumnNumber, intValue, textValue) values (5, 6,10, 'ES/SH + RRH + PSH only')
insert into ref_lsaValues (FileNumber, ColumnNumber, intValue, textValue) values (5, 6,11, 'RRH + PSH only')
insert into ref_lsaValues (FileNumber, ColumnNumber, intValue, textValue) values (5, 6,12, 'All other combinations')
insert into ref_lsaValues (FileNumber, ColumnNumber, intValue, textValue) values (5, 8,1, 'Average days in ES/SH')
insert into ref_lsaValues (FileNumber, ColumnNumber, intValue, textValue) values (5, 8,2, 'Average days in TH')
insert into ref_lsaValues (FileNumber, ColumnNumber, intValue, textValue) values (5, 8,3, 'Average days in ES/SH or TH')
insert into ref_lsaValues (FileNumber, ColumnNumber, intValue, textValue) values (5, 8,4, 'Average days homeless before move-in to RRH/PSH')
insert into ref_lsaValues (FileNumber, ColumnNumber, intValue, textValue) values (5, 8,5, 'Average days documented in ES/SH, TH, or homeless before move-in')
insert into ref_lsaValues (FileNumber, ColumnNumber, intValue, textValue) values (5, 8,6, 'Average days homeless self-reported in 3.917')
insert into ref_lsaValues (FileNumber, ColumnNumber, intValue, textValue) values (5, 8,7, 'Average days homeless total')
insert into ref_lsaValues (FileNumber, ColumnNumber, intValue, textValue) values (5, 8,8, 'Average days housed in RRH')
insert into ref_lsaValues (FileNumber, ColumnNumber, intValue, textValue) values (5, 8,9, 'Average days documented homeless or housed in RRH (no 3.917)')
insert into ref_lsaValues (FileNumber, ColumnNumber, intValue, textValue) values (5, 8,10, 'Average days housed in PSH as of exit date (all exits)')
insert into ref_lsaValues (FileNumber, ColumnNumber, intValue, textValue) values (5, 8,11, 'Average days housed in PSH for households active on last day')
insert into ref_lsaValues (FileNumber, ColumnNumber, intValue, textValue) values (5, 8,12, 'Average days in RRH from start to exit with no move-in date')
insert into ref_lsaValues (FileNumber, ColumnNumber, intValue, textValue) values (5, 8,13, 'Average days in RRH from start to report end for active homeless')
insert into ref_lsaValues (FileNumber, ColumnNumber, intValue, textValue) values (5, 8,14, 'Average days in RRH from start to move-in date for all housed')
insert into ref_lsaValues (FileNumber, ColumnNumber, intValue, textValue) values (5, 8,15, 'Average days in RRH from move-in to exit for housed exiters')
insert into ref_lsaValues (FileNumber, ColumnNumber, intValue, textValue) values (5, 8,16, 'Average days in RRH from move-in to report end for active housed')
insert into ref_lsaValues (FileNumber, ColumnNumber, intValue, textValue) values (5, 8,17, 'Average days to return after exit from SO')
insert into ref_lsaValues (FileNumber, ColumnNumber, intValue, textValue) values (5, 8,18, 'Average days to return after exit from ES')
insert into ref_lsaValues (FileNumber, ColumnNumber, intValue, textValue) values (5, 8,19, 'Average days to return after exit from TH')
insert into ref_lsaValues (FileNumber, ColumnNumber, intValue, textValue) values (5, 8,20, 'Average days to return after exit from SH')
insert into ref_lsaValues (FileNumber, ColumnNumber, intValue, textValue) values (5, 8,21, 'Average days to return after exit from RRH')
insert into ref_lsaValues (FileNumber, ColumnNumber, intValue, textValue) values (5, 8,22, 'Average days to return after exit from PSH')
insert into ref_lsaValues (FileNumber, ColumnNumber, intValue, textValue) values (5, 8,23, 'Average days to return after exit (all)')
insert into ref_lsaValues (FileNumber, ColumnNumber, intValue, textValue) values (5, 8,24, 'Average days to return after ES/SH only system path')
insert into ref_lsaValues (FileNumber, ColumnNumber, intValue, textValue) values (5, 8,25, 'Average days to return after TH system path')
insert into ref_lsaValues (FileNumber, ColumnNumber, intValue, textValue) values (5, 8,26, 'Average days to return after ES/SH/TH system path')
insert into ref_lsaValues (FileNumber, ColumnNumber, intValue, textValue) values (5, 8,27, 'Average days to return after RRH only system path')
insert into ref_lsaValues (FileNumber, ColumnNumber, intValue, textValue) values (5, 8,28, 'Average days to return after ES/SH/RRH system path')
insert into ref_lsaValues (FileNumber, ColumnNumber, intValue, textValue) values (5, 8,29, 'Average days to return after TH/RRH system path')
insert into ref_lsaValues (FileNumber, ColumnNumber, intValue, textValue) values (5, 8,30, 'Average days to return after ES/SH/TH/RRH system path')
insert into ref_lsaValues (FileNumber, ColumnNumber, intValue, textValue) values (5, 8,31, 'Average days to return after PSH only system path')
insert into ref_lsaValues (FileNumber, ColumnNumber, intValue, textValue) values (5, 8,32, 'Average days to return after ES/SH/PSH system path')
insert into ref_lsaValues (FileNumber, ColumnNumber, intValue, textValue) values (5, 8,33, 'Average days to return after ES/SH/RRH/PSH system path')
insert into ref_lsaValues (FileNumber, ColumnNumber, intValue, textValue) values (5, 8,34, 'Average days to return after RRH/PSH system path')
insert into ref_lsaValues (FileNumber, ColumnNumber, intValue, textValue) values (5, 8,35, 'Average days to return after other system path')
insert into ref_lsaValues (FileNumber, ColumnNumber, intValue, textValue) values (5, 8,36, 'Average days to return after any system path (excludes those housed in PSH on start date)')
insert into ref_lsaValues (FileNumber, ColumnNumber, intValue, textValue) values (5, 8,37, 'Average days to return after PSH destination')
insert into ref_lsaValues (FileNumber, ColumnNumber, intValue, textValue) values (5, 8,38, 'Average days to return after PH - rent with temp subsidy destination')
insert into ref_lsaValues (FileNumber, ColumnNumber, intValue, textValue) values (5, 8,39, 'Average days to return after PH - rent/own with subsidy destination')
insert into ref_lsaValues (FileNumber, ColumnNumber, intValue, textValue) values (5, 8,40, 'Average days to return after PH - rent/own no subsidy destination')
insert into ref_lsaValues (FileNumber, ColumnNumber, intValue, textValue) values (5, 8,41, 'Average days to return after Family - permanent destination')
insert into ref_lsaValues (FileNumber, ColumnNumber, intValue, textValue) values (5, 8,42, 'Average days to return after Friends - permanent destination')
insert into ref_lsaValues (FileNumber, ColumnNumber, intValue, textValue) values (5, 8,43, 'Average days to return after Institutions - group/ assisted destination')
insert into ref_lsaValues (FileNumber, ColumnNumber, intValue, textValue) values (5, 8,44, 'Average days to return after Institutions - medical destination')
insert into ref_lsaValues (FileNumber, ColumnNumber, intValue, textValue) values (5, 8,45, 'Average days to return after Institutions - incarceration destination')
insert into ref_lsaValues (FileNumber, ColumnNumber, intValue, textValue) values (5, 8,46, 'Average days to return after Temporary - not homeless destination')
insert into ref_lsaValues (FileNumber, ColumnNumber, intValue, textValue) values (5, 8,47, 'Average days to return after Homeless - ES/SH/TH destination')
insert into ref_lsaValues (FileNumber, ColumnNumber, intValue, textValue) values (5, 8,48, 'Average days to return after Homeless - Street destination')
insert into ref_lsaValues (FileNumber, ColumnNumber, intValue, textValue) values (5, 8,49, 'Average days to return after Family - temporary destination')
insert into ref_lsaValues (FileNumber, ColumnNumber, intValue, textValue) values (5, 8,50, 'Average days to return after Friends - temporary destination')
insert into ref_lsaValues (FileNumber, ColumnNumber, intValue, textValue) values (5, 8,51, 'Average days to return after Deceased destination')
insert into ref_lsaValues (FileNumber, ColumnNumber, intValue, textValue) values (5, 8,52, 'Average days to return after Unknown destination')
insert into ref_lsaValues (FileNumber, ColumnNumber, intValue, textValue) values (5, 8,53, 'Count all people in household')
insert into ref_lsaValues (FileNumber, ColumnNumber, intValue, textValue) values (5, 8,54, 'Count households')
insert into ref_lsaValues (FileNumber, ColumnNumber, intValue, textValue) values (5, 8,55, 'Count of people with characteristic')
insert into ref_lsaValues (FileNumber, ColumnNumber, intValue, textValue) values (5, 8,56, 'Count of bed nights for people with characteristic')
insert into ref_lsaValues (FileNumber, ColumnNumber, intValue, textValue) values (5, 8,57, 'Count of bed nights for people in household')
insert into ref_lsaValues (FileNumber, ColumnNumber, intValue, textValue) values (11, 7,1, 'Yes (only valid response)')
insert into ref_lsaValues (FileNumber, ColumnNumber, intValue, textValue) values (11, 8,1, 'ES')
insert into ref_lsaValues (FileNumber, ColumnNumber, intValue, textValue) values (11, 8,2, 'TH')
insert into ref_lsaValues (FileNumber, ColumnNumber, intValue, textValue) values (11, 8,3, 'PSH')
insert into ref_lsaValues (FileNumber, ColumnNumber, intValue, textValue) values (11, 8,8, 'SH')
insert into ref_lsaValues (FileNumber, ColumnNumber, intValue, textValue) values (11, 8,9, 'OPH (no services)')
insert into ref_lsaValues (FileNumber, ColumnNumber, intValue, textValue) values (11, 8,10, 'OPH (no disability requirement)')
insert into ref_lsaValues (FileNumber, ColumnNumber, intValue, textValue) values (11, 8,13, 'RRH')
insert into ref_lsaValues (FileNumber, ColumnNumber, intValue, textValue) values (11, 10,0, 'Entry-exit')
insert into ref_lsaValues (FileNumber, ColumnNumber, intValue, textValue) values (11, 10,3, 'Night-by-night')
insert into ref_lsaValues (FileNumber, ColumnNumber, intValue, textValue) values (11, 11,1, 'Domestic violence victims')
insert into ref_lsaValues (FileNumber, ColumnNumber, intValue, textValue) values (11, 11,3, 'People with HIV/AIDS')
insert into ref_lsaValues (FileNumber, ColumnNumber, intValue, textValue) values (11, 11,4, 'Not applicable')
insert into ref_lsaValues (FileNumber, ColumnNumber, intValue, textValue) values (11, 12,0, 'No')
insert into ref_lsaValues (FileNumber, ColumnNumber, intValue, textValue) values (11, 12,1, 'Yes')
insert into ref_lsaValues (FileNumber, ColumnNumber, intValue, textValue) values (11, 13,1, 'Site-based - single site')
insert into ref_lsaValues (FileNumber, ColumnNumber, intValue, textValue) values (11, 13,2, 'Site-based - clustered / multiple sites')
insert into ref_lsaValues (FileNumber, ColumnNumber, intValue, textValue) values (11, 13,3, 'Tenant-based - scattered site')
insert into ref_lsaValues (FileNumber, ColumnNumber, intValue, textValue) values (12, 3,1, 'HUD:  CoC - Homelessness Prevention (High Performing Comm.  Only)')
insert into ref_lsaValues (FileNumber, ColumnNumber, intValue, textValue) values (12, 3,2, 'HUD:  CoC - Permanent Supportive Housing')
insert into ref_lsaValues (FileNumber, ColumnNumber, intValue, textValue) values (12, 3,3, 'HUD:  CoC - Rapid Re-Housing')
insert into ref_lsaValues (FileNumber, ColumnNumber, intValue, textValue) values (12, 3,4, 'HUD:  CoC - Supportive Services Only')
insert into ref_lsaValues (FileNumber, ColumnNumber, intValue, textValue) values (12, 3,5, 'HUD:  CoC - Transitional Housing')
insert into ref_lsaValues (FileNumber, ColumnNumber, intValue, textValue) values (12, 3,6, 'HUD:  CoC - Safe Haven')
insert into ref_lsaValues (FileNumber, ColumnNumber, intValue, textValue) values (12, 3,7, 'HUD:  CoC - Single Room Occupancy (SRO)')
insert into ref_lsaValues (FileNumber, ColumnNumber, intValue, textValue) values (12, 3,8, 'HUD:  ESG - Emergency Shelter (operating and/or essential services)')
insert into ref_lsaValues (FileNumber, ColumnNumber, intValue, textValue) values (12, 3,9, 'HUD:  ESG - Homelessness Prevention')
insert into ref_lsaValues (FileNumber, ColumnNumber, intValue, textValue) values (12, 3,10, 'HUD:  ESG - Rapid Rehousing')
insert into ref_lsaValues (FileNumber, ColumnNumber, intValue, textValue) values (12, 3,11, 'HUD:  ESG - Street Outreach')
insert into ref_lsaValues (FileNumber, ColumnNumber, intValue, textValue) values (12, 3,12, 'HUD:  Rural Housing Stability Assistance Program')
insert into ref_lsaValues (FileNumber, ColumnNumber, intValue, textValue) values (12, 3,13, 'HUD:  HOPWA - Hotel/Motel Vouchers')
insert into ref_lsaValues (FileNumber, ColumnNumber, intValue, textValue) values (12, 3,14, 'HUD:  HOPWA - Housing Information')
insert into ref_lsaValues (FileNumber, ColumnNumber, intValue, textValue) values (12, 3,15, 'HUD:  HOPWA - Permanent Housing (facility based or TBRA)')
insert into ref_lsaValues (FileNumber, ColumnNumber, intValue, textValue) values (12, 3,16, 'HUD:  HOPWA - Permanent Housing Placement ')
insert into ref_lsaValues (FileNumber, ColumnNumber, intValue, textValue) values (12, 3,17, 'HUD:  HOPWA - Short-Term Rent, Mortgage, Utility assistance')
insert into ref_lsaValues (FileNumber, ColumnNumber, intValue, textValue) values (12, 3,18, 'HUD:  HOPWA - Short-Term Supportive Facility')
insert into ref_lsaValues (FileNumber, ColumnNumber, intValue, textValue) values (12, 3,19, 'HUD:  HOPWA - Transitional Housing (facility based or TBRA)')
insert into ref_lsaValues (FileNumber, ColumnNumber, intValue, textValue) values (12, 3,20, 'HUD:  HUD/VASH')
insert into ref_lsaValues (FileNumber, ColumnNumber, intValue, textValue) values (12, 3,21, 'HHS:  PATH - Street Outreach & Supportive Services Only')
insert into ref_lsaValues (FileNumber, ColumnNumber, intValue, textValue) values (12, 3,22, 'HHS:  RHY - Basic Center Program (prevention and shelter)')
insert into ref_lsaValues (FileNumber, ColumnNumber, intValue, textValue) values (12, 3,23, 'HHS:  RHY - Maternity Group Home for Pregnant and Parenting Youth')
insert into ref_lsaValues (FileNumber, ColumnNumber, intValue, textValue) values (12, 3,24, 'HHS:  RHY - Transitional Living Program')
insert into ref_lsaValues (FileNumber, ColumnNumber, intValue, textValue) values (12, 3,25, 'HHS:  RHY - Street Outreach Project')
insert into ref_lsaValues (FileNumber, ColumnNumber, intValue, textValue) values (12, 3,26, 'HHS:  RHY - Demonstration Project**')
insert into ref_lsaValues (FileNumber, ColumnNumber, intValue, textValue) values (12, 3,27, 'VA:  CRS Contract Residential Services')
insert into ref_lsaValues (FileNumber, ColumnNumber, intValue, textValue) values (12, 3,29, 'VA:  Domiciliary Care')
insert into ref_lsaValues (FileNumber, ColumnNumber, intValue, textValue) values (12, 3,30, 'VA:  Community Contract Safe Haven Program')
insert into ref_lsaValues (FileNumber, ColumnNumber, intValue, textValue) values (12, 3,32, 'VA:  Compensated Work Therapy Transitional Residence')
insert into ref_lsaValues (FileNumber, ColumnNumber, intValue, textValue) values (12, 3,33, 'VA:  Supportive Services for Veteran Families')
insert into ref_lsaValues (FileNumber, ColumnNumber, intValue, textValue) values (12, 3,34, 'Not applicable')
insert into ref_lsaValues (FileNumber, ColumnNumber, intValue, textValue) values (12, 3,35, 'HUD:  Pay for Success')
insert into ref_lsaValues (FileNumber, ColumnNumber, intValue, textValue) values (12, 3,36, 'HUD:  Public and Indian Housing (PIH) Programs')
insert into ref_lsaValues (FileNumber, ColumnNumber, intValue, textValue) values (12, 3,37, 'VA:  Grant Per Diem - Bridge Housing')
insert into ref_lsaValues (FileNumber, ColumnNumber, intValue, textValue) values (12, 3,38, 'VA:  Grant Per Diem - Low Demand')
insert into ref_lsaValues (FileNumber, ColumnNumber, intValue, textValue) values (12, 3,39, 'VA:  Grant Per Diem - Hospital to Housing')
insert into ref_lsaValues (FileNumber, ColumnNumber, intValue, textValue) values (12, 3,40, 'VA:  Grant Per Diem - Clinical Treatment')
insert into ref_lsaValues (FileNumber, ColumnNumber, intValue, textValue) values (12, 3,41, 'VA:  Grant Per Diem - Service Intensive Transitional Housing')
insert into ref_lsaValues (FileNumber, ColumnNumber, intValue, textValue) values (12, 3,42, 'VA:  Grant Per Diem - Transition in Place')
--CHANGE 11/8/2018 add option 43
insert into ref_lsaValues (FileNumber, ColumnNumber, intValue, textValue) values (12, 3,43, 'HUD:  CoC Youth Demonstration Program (YHDP)')
insert into ref_lsaValues (FileNumber, ColumnNumber, intValue, textValue) values (13, 5,1, 'Households without children')
insert into ref_lsaValues (FileNumber, ColumnNumber, intValue, textValue) values (13, 5,3, 'Households with at least one adult and one child')
insert into ref_lsaValues (FileNumber, ColumnNumber, intValue, textValue) values (13, 5,4, 'Households with only children')
insert into ref_lsaValues (FileNumber, ColumnNumber, intValue, textValue) values (13, 6,1, 'Year-round')
insert into ref_lsaValues (FileNumber, ColumnNumber, intValue, textValue) values (13, 6,2, 'Seasonal')
insert into ref_lsaValues (FileNumber, ColumnNumber, intValue, textValue) values (13, 6,3, 'Overflow')
insert into ref_lsaValues (FileNumber, ColumnNumber, intValue, textValue) values (13, 12,1, 'Facility-based')
insert into ref_lsaValues (FileNumber, ColumnNumber, intValue, textValue) values (13, 12,2, 'Voucher')
insert into ref_lsaValues (FileNumber, ColumnNumber, intValue, textValue) values (13, 12,3, 'Other')
insert into ref_lsaValues (FileNumber, ColumnNumber, intValue, textValue) values (14, 6,1, 'Urban')
insert into ref_lsaValues (FileNumber, ColumnNumber, intValue, textValue) values (14, 6,2, 'Suburban')
insert into ref_lsaValues (FileNumber, ColumnNumber, intValue, textValue) values (14, 6,3, 'Rural')
insert into ref_lsaValues (FileNumber, ColumnNumber, intValue, textValue) values (14, 6,99, 'Unknown / data not collected')
insert into ref_lsaValues (FileNumber, ColumnNumber, intValue, textValue) values (14, 10,-1, 'AL')
insert into ref_lsaValues (FileNumber, ColumnNumber, intValue, textValue) values (14, 10,-2, 'AK')
insert into ref_lsaValues (FileNumber, ColumnNumber, intValue, textValue) values (14, 10,-3, 'AZ')
insert into ref_lsaValues (FileNumber, ColumnNumber, intValue, textValue) values (14, 10,-4, 'AR')
insert into ref_lsaValues (FileNumber, ColumnNumber, intValue, textValue) values (14, 10,-5, 'CA')
insert into ref_lsaValues (FileNumber, ColumnNumber, intValue, textValue) values (14, 10,-6, 'CO')
insert into ref_lsaValues (FileNumber, ColumnNumber, intValue, textValue) values (14, 10,-7, 'CT')
insert into ref_lsaValues (FileNumber, ColumnNumber, intValue, textValue) values (14, 10,-8, 'DE')
insert into ref_lsaValues (FileNumber, ColumnNumber, intValue, textValue) values (14, 10,-9, 'FL')
insert into ref_lsaValues (FileNumber, ColumnNumber, intValue, textValue) values (14, 10,-10, 'GA')
insert into ref_lsaValues (FileNumber, ColumnNumber, intValue, textValue) values (14, 10,-11, 'HI')
insert into ref_lsaValues (FileNumber, ColumnNumber, intValue, textValue) values (14, 10,-12, 'ID')
insert into ref_lsaValues (FileNumber, ColumnNumber, intValue, textValue) values (14, 10,-13, 'IL')
insert into ref_lsaValues (FileNumber, ColumnNumber, intValue, textValue) values (14, 10,-14, 'IN')
insert into ref_lsaValues (FileNumber, ColumnNumber, intValue, textValue) values (14, 10,-15, 'IA')
insert into ref_lsaValues (FileNumber, ColumnNumber, intValue, textValue) values (14, 10,-16, 'KS')
insert into ref_lsaValues (FileNumber, ColumnNumber, intValue, textValue) values (14, 10,-17, 'KY')
insert into ref_lsaValues (FileNumber, ColumnNumber, intValue, textValue) values (14, 10,-18, 'LA')
insert into ref_lsaValues (FileNumber, ColumnNumber, intValue, textValue) values (14, 10,-19, 'ME')
insert into ref_lsaValues (FileNumber, ColumnNumber, intValue, textValue) values (14, 10,-20, 'MD')
insert into ref_lsaValues (FileNumber, ColumnNumber, intValue, textValue) values (14, 10,-21, 'MA')
insert into ref_lsaValues (FileNumber, ColumnNumber, intValue, textValue) values (14, 10,-22, 'MI')
insert into ref_lsaValues (FileNumber, ColumnNumber, intValue, textValue) values (14, 10,-23, 'MN')
insert into ref_lsaValues (FileNumber, ColumnNumber, intValue, textValue) values (14, 10,-24, 'MS')
insert into ref_lsaValues (FileNumber, ColumnNumber, intValue, textValue) values (14, 10,-25, 'MO')
insert into ref_lsaValues (FileNumber, ColumnNumber, intValue, textValue) values (14, 10,-26, 'MT')
insert into ref_lsaValues (FileNumber, ColumnNumber, intValue, textValue) values (14, 10,-27, 'NE')
insert into ref_lsaValues (FileNumber, ColumnNumber, intValue, textValue) values (14, 10,-28, 'NV')
insert into ref_lsaValues (FileNumber, ColumnNumber, intValue, textValue) values (14, 10,-29, 'NH')
insert into ref_lsaValues (FileNumber, ColumnNumber, intValue, textValue) values (14, 10,-30, 'NJ')
insert into ref_lsaValues (FileNumber, ColumnNumber, intValue, textValue) values (14, 10,-31, 'NM')
insert into ref_lsaValues (FileNumber, ColumnNumber, intValue, textValue) values (14, 10,-32, 'NY')
insert into ref_lsaValues (FileNumber, ColumnNumber, intValue, textValue) values (14, 10,-33, 'NC')
insert into ref_lsaValues (FileNumber, ColumnNumber, intValue, textValue) values (14, 10,-34, 'ND')
insert into ref_lsaValues (FileNumber, ColumnNumber, intValue, textValue) values (14, 10,-35, 'OH')
insert into ref_lsaValues (FileNumber, ColumnNumber, intValue, textValue) values (14, 10,-36, 'OK')
insert into ref_lsaValues (FileNumber, ColumnNumber, intValue, textValue) values (14, 10,-37, 'OR')
insert into ref_lsaValues (FileNumber, ColumnNumber, intValue, textValue) values (14, 10,-38, 'PA')
insert into ref_lsaValues (FileNumber, ColumnNumber, intValue, textValue) values (14, 10,-39, 'RI')
insert into ref_lsaValues (FileNumber, ColumnNumber, intValue, textValue) values (14, 10,-40, 'SC')
insert into ref_lsaValues (FileNumber, ColumnNumber, intValue, textValue) values (14, 10,-41, 'SD')
insert into ref_lsaValues (FileNumber, ColumnNumber, intValue, textValue) values (14, 10,-42, 'TN')
insert into ref_lsaValues (FileNumber, ColumnNumber, intValue, textValue) values (14, 10,-43, 'TX')
insert into ref_lsaValues (FileNumber, ColumnNumber, intValue, textValue) values (14, 10,-44, 'UT')
insert into ref_lsaValues (FileNumber, ColumnNumber, intValue, textValue) values (14, 10,-45, 'VT')
insert into ref_lsaValues (FileNumber, ColumnNumber, intValue, textValue) values (14, 10,-46, 'VA')
insert into ref_lsaValues (FileNumber, ColumnNumber, intValue, textValue) values (14, 10,-47, 'WA')
insert into ref_lsaValues (FileNumber, ColumnNumber, intValue, textValue) values (14, 10,-48, 'WV')
insert into ref_lsaValues (FileNumber, ColumnNumber, intValue, textValue) values (14, 10,-49, 'WI')
insert into ref_lsaValues (FileNumber, ColumnNumber, intValue, textValue) values (14, 10,-50, 'WY')
insert into ref_lsaValues (FileNumber, ColumnNumber, intValue, textValue) values (14, 10,-51, 'AS')
insert into ref_lsaValues (FileNumber, ColumnNumber, intValue, textValue) values (14, 10,-52, 'DC')
insert into ref_lsaValues (FileNumber, ColumnNumber, intValue, textValue) values (14, 10,-53, 'FM')
insert into ref_lsaValues (FileNumber, ColumnNumber, intValue, textValue) values (14, 10,-54, 'GU')
insert into ref_lsaValues (FileNumber, ColumnNumber, intValue, textValue) values (14, 10,-55, 'MH')
insert into ref_lsaValues (FileNumber, ColumnNumber, intValue, textValue) values (14, 10,-56, 'MP')
insert into ref_lsaValues (FileNumber, ColumnNumber, intValue, textValue) values (14, 10,-57, 'PW')
insert into ref_lsaValues (FileNumber, ColumnNumber, intValue, textValue) values (14, 10,-58, 'PR')
insert into ref_lsaValues (FileNumber, ColumnNumber, intValue, textValue) values (14, 10,-59, 'VI')
insert into ref_lsaValues (FileNumber, ColumnNumber, intValue, textValue) values (99, 1,1, 'Chronically homeless')
insert into ref_lsaValues (FileNumber, ColumnNumber, intValue, textValue) values (99, 1,2, 'Meets CH LOTH, but no disabling condition')
insert into ref_lsaValues (FileNumber, ColumnNumber, intValue, textValue) values (99, 1,3, 'Meets CH LOTH, but unknown, refused or missing disabling condition')
insert into ref_lsaValues (FileNumber, ColumnNumber, intValue, textValue) values (99, 1,4, 'Meets CH LOTH and disabling conditions, but insufficient occasions')
insert into ref_lsaValues (FileNumber, ColumnNumber, intValue, textValue) values (99, 1,5, 'Meets CH LOTH but insufficient occasions and no disabling condition')
insert into ref_lsaValues (FileNumber, ColumnNumber, intValue, textValue) values (99, 1,6, 'Meets CH LOTH but insufficient occasions and missing disabling condition')
insert into ref_lsaValues (FileNumber, ColumnNumber, intValue, textValue) values (99, 1,7, 'Meets CH LOTH but not continuous and missing 3.917 data, has disabling condition')
insert into ref_lsaValues (FileNumber, ColumnNumber, intValue, textValue) values (99, 1,8, 'Meets CH LOTH but not continuous and missing 3.917 data, no disabling condition')
insert into ref_lsaValues (FileNumber, ColumnNumber, intValue, textValue) values (99, 1,9, 'Meets CH LOTH but not continuous and missing 3.917 data, missing disabling condition')
insert into ref_lsaValues (FileNumber, ColumnNumber, intValue, textValue) values (99, 1,10, 'Disabling conditions, but insufficient LOT')
insert into ref_lsaValues (FileNumber, ColumnNumber, intValue, textValue) values (99, 1,11, 'Disabling condition, but missing LOT')
insert into ref_lsaValues (FileNumber, ColumnNumber, intValue, textValue) values (99, 1,12, 'No disabling condition and insufficient LOT')
insert into ref_lsaValues (FileNumber, ColumnNumber, intValue, textValue) values (99, 1,13, 'No disabling condition and missing LOT')
insert into ref_lsaValues (FileNumber, ColumnNumber, intValue, textValue) values (99, 1,14, 'Missing disabling condition and insufficient or missing LOT')
insert into ref_lsaValues (FileNumber, ColumnNumber, intValue, textValue) values (99, 2,1, 'Household of one (1-person hh)')
insert into ref_lsaValues (FileNumber, ColumnNumber, intValue, textValue) values (99, 2,2, 'Household of two or more adults')
insert into ref_lsaValues (FileNumber, ColumnNumber, intValue, textValue) values (99, 2,3, 'Household of two or more children')
insert into ref_lsaValues (FileNumber, ColumnNumber, intValue, textValue) values (99, 2,4, 'Single adult with one or two children (2 or 3-person hh)')
insert into ref_lsaValues (FileNumber, ColumnNumber, intValue, textValue) values (99, 2,5, 'Single adult with 3 or more children (4 or more)')
insert into ref_lsaValues (FileNumber, ColumnNumber, intValue, textValue) values (99, 2,6, 'More than one adult with one or two children (3 or more)')
insert into ref_lsaValues (FileNumber, ColumnNumber, intValue, textValue) values (99, 2,7, 'More than one adult with 3 or more children (5 or more)')
insert into ref_lsaValues (FileNumber, ColumnNumber, intValue, textValue) values (99, 2,8, 'Other ')
