UserID,UserFirstName,UserLastName,UserPhone,UserExtension,UserEmail,DateCreated,DateUpdated,DateDeleted,ExportID
27,Corduroy,Olivesheen,6928513791,,yjnf@dhm.aox,2020-02-24 14:37:46,2022-08-12 23:09:15,,MERGED-ID
28,Borage,Sluggish,1692875726,,mgiopvkftb@cqsawlkr.jfa,2021-04-26 15:47:21,2022-03-24 08:02:33,,MERGED-ID
30,Ignore,Orpiment,8345292134,,s@y.ndk,2022-03-16 14:36:51,2022-06-29 08:52:12,,MERGED-ID
14,Major,Sheeting,2832755162,220,l@ohzukn.ylz,2012-04-30 09:09:45,2022-09-22 15:12:56,,MERGED-ID
26,Axminster,Crocus,5386238524,,yok@szjcxda.wuj,2019-05-22 11:18:09,2022-02-08 08:24:26,,MERGED-ID
29,Port,Leaven,1457928957,,vajegwr@fnscdrj.mbe,2021-08-10 13:49:39,2022-09-14 14:58:16,,MERGED-ID
13,Shamrock,Atoms,9624868793,,enav@loh.ouk,2012-04-30 09:09:45,2022-09-20 14:18:41,,MERGED-ID
17,Vegetal,Gimmick,5766346238,,qatubf@ja.bly,2013-11-07 09:08:41,2022-08-30 12:13:07,,MERGED-ID
22,Tell,Languid,4588524826,,fdoyp@dygochqj.eru,2016-12-15 11:51:12,2022-08-12 23:09:15,,MERGED-ID
23,Seal,Clover,8456789147,43,uigozp@curzspv.pxa,2017-03-29 09:02:24,2019-09-05 16:15:05,,MERGED-ID
24,Subject,Fob,5386238524,,yok@szjcxda.wuj,2018-04-20 09:01:38,2022-09-01 09:45:27,,MERGED-ID
16,Copper,Celebrated,4968175672,201,ydiqmfzpj@ecs.lue,2013-03-01 09:57:03,2022-06-09 15:12:36,,MERGED-ID
