"ProjectID","OrganizationID","ProjectName","ProjectCommonName","OperatingStartDate","OperatingEndDate","ContinuumProject","ProjectType","HousingType","ResidentialAffiliation","TrackingMethod","HMISParticipatingProject","TargetPopulation","PITCount","DateCreated","DateUpdated","UserID","DateDeleted","ExportID"
"240","7007","APR - Emergency Shelter / SSO","APR - Emergency Shelter / SSO ",2010-01-01,,1,1,1,,0,1,4,0,2020-04-13 00:00:00,2020-04-13 00:00:00,"882",,"F0565376BCAA44529FB72BC3A948EAD8"
"242","7007","APR - Transitional Housing","APR - Transitional Housing ",2010-01-01,,1,2,1,,,1,4,0,2020-04-13 00:00:00,2020-04-13 00:00:00,"882",,"F0565376BCAA44529FB72BC3A948EAD8"
"441","7007","APR - Permanent Housing","APR - Permanent Housing ",2010-01-01,,1,3,3,,,1,4,0,2020-05-11 00:00:00,2020-05-11 00:00:00,"882",,"F0565376BCAA44529FB72BC3A948EAD8"
"808","7007","APR - RRH","APR - RRH ",2017-01-01,,1,13,3,,,1,4,0,2020-04-13 00:00:00,2020-04-13 00:00:00,"882",,"F0565376BCAA44529FB72BC3A948EAD8"
"882","7007","APR - Emergency Shelter NBN","APR - Emergency Shelter NBN ",2012-10-01,,1,1,2,,3,1,4,0,2020-04-13 00:00:00,2020-04-13 00:00:00,"882",,"F0565376BCAA44529FB72BC3A948EAD8"
"957","7007","APR - RRH 2","APR - RRH2 ",2010-01-01,,1,13,1,,,1,4,0,2020-04-13 00:00:00,2020-04-13 00:00:00,"882",,"F0565376BCAA44529FB72BC3A948EAD8"
"958","7007","APR - Emergency Shelter 2","APR - Shelter 2 ",2010-01-01,,1,1,1,,0,1,3,0,2020-04-13 00:00:00,2020-04-13 00:00:00,"882",,"F0565376BCAA44529FB72BC3A948EAD8"
"960","7007","APR - Emergency Shelter 3","APR - Shelter 3 ",2010-01-01,,1,1,1,,0,1,4,0,2020-04-13 00:00:00,2020-04-13 00:00:00,"882",,"F0565376BCAA44529FB72BC3A948EAD8"
