"ServicesID","EnrollmentID","PersonalID","DateProvided","RecordType","TypeProvided","OtherTypeProvided","MovingOnOtherType","SubTypeProvided","FAAmount","ReferralOutcome","DateCreated","DateUpdated","UserID","DateDeleted","ExportID"
"4773640","181667","76809",2021-08-20,200,200,"","",,,,2021-08-25 00:00:00,2021-08-25 00:00:00,"891",,"0F586E2B583A62AB36721CC24F3C7442"
"4773641","181667","76809",2021-08-21,200,200,"","",,,,2021-08-25 00:00:00,2021-08-25 00:00:00,"891",,"0F586E2B583A62AB36721CC24F3C7442"
"4773642","181667","76809",2021-08-22,200,200,"","",,,,2021-08-25 00:00:00,2021-08-25 00:00:00,"891",,"0F586E2B583A62AB36721CC24F3C7442"
"4773643","181667","76809",2021-01-25,200,200,"","",,,,2021-08-25 00:00:00,2021-08-25 00:00:00,"891",,"0F586E2B583A62AB36721CC24F3C7442"
"4773644","181667","76809",2021-02-25,200,200,"","",,,,2021-08-25 00:00:00,2021-08-25 00:00:00,"891",,"0F586E2B583A62AB36721CC24F3C7442"
"4773645","181667","76809",2021-03-25,200,200,"","",,,,2021-08-25 00:00:00,2021-08-25 00:00:00,"891",,"0F586E2B583A62AB36721CC24F3C7442"
"4773936","181667","76809",2020-05-01,200,200,"","",,,,2021-10-07 00:00:00,2021-10-07 00:00:00,"891",,"0F586E2B583A62AB36721CC24F3C7442"
"4773963","181447","76773",2020-10-02,200,200,"","",,,,2021-10-25 00:00:00,2021-10-25 00:00:00,"889",,"0F586E2B583A62AB36721CC24F3C7442"
"4773964","181447","76773",2020-10-03,200,200,"","",,,,2021-10-25 00:00:00,2021-10-25 00:00:00,"889",,"0F586E2B583A62AB36721CC24F3C7442"
"4773965","181460","76793",2020-10-25,200,200,"","",,,,2021-10-25 00:00:00,2021-10-25 00:00:00,"889",,"0F586E2B583A62AB36721CC24F3C7442"
"4773966","181453","76781",2020-10-25,200,200,"","",,,,2021-10-25 00:00:00,2021-10-25 00:00:00,"889",,"0F586E2B583A62AB36721CC24F3C7442"
"4773967","181447","76773",2020-10-25,200,200,"","",,,,2021-10-25 00:00:00,2021-10-25 00:00:00,"889",,"0F586E2B583A62AB36721CC24F3C7442"
"4773968","181468","76803",2020-10-25,200,200,"","",,,,2021-10-25 00:00:00,2021-10-25 00:00:00,"889",,"0F586E2B583A62AB36721CC24F3C7442"
"4773969","181450","76777",2020-10-25,200,200,"","",,,,2021-10-25 00:00:00,2021-10-25 00:00:00,"889",,"0F586E2B583A62AB36721CC24F3C7442"
"4773970","181464","76799",2020-10-25,200,200,"","",,,,2021-10-25 00:00:00,2021-10-25 00:00:00,"889",,"0F586E2B583A62AB36721CC24F3C7442"
"4773971","181463","76798",2020-10-25,200,200,"","",,,,2021-10-25 00:00:00,2021-10-25 00:00:00,"889",,"0F586E2B583A62AB36721CC24F3C7442"
"4773972","181454","76783",2020-10-25,200,200,"","",,,,2021-10-25 00:00:00,2021-10-25 00:00:00,"889",,"0F586E2B583A62AB36721CC24F3C7442"
"4773973","181458","76789",2020-10-25,200,200,"","",,,,2021-10-25 00:00:00,2021-10-25 00:00:00,"889",,"0F586E2B583A62AB36721CC24F3C7442"
"4773974","181667","76809",2020-10-25,200,200,"","",,,,2021-10-25 00:00:00,2021-10-25 00:00:00,"889",,"0F586E2B583A62AB36721CC24F3C7442"
"4773975","181470","76805",2020-10-25,200,200,"","",,,,2021-10-25 00:00:00,2021-10-25 00:00:00,"889",,"0F586E2B583A62AB36721CC24F3C7442"
"4773976","181467","76802",2020-10-25,200,200,"","",,,,2021-10-25 00:00:00,2021-10-25 00:00:00,"889",,"0F586E2B583A62AB36721CC24F3C7442"
"4773977","181448","76774",2020-10-25,200,200,"","",,,,2021-10-25 00:00:00,2021-10-25 00:00:00,"889",,"0F586E2B583A62AB36721CC24F3C7442"
"4773978","181456","76787",2020-10-25,200,200,"","",,,,2021-10-25 00:00:00,2021-10-25 00:00:00,"889",,"0F586E2B583A62AB36721CC24F3C7442"
"4773979","181457","76788",2020-10-25,200,200,"","",,,,2021-10-25 00:00:00,2021-10-25 00:00:00,"889",,"0F586E2B583A62AB36721CC24F3C7442"
"4773980","181466","76801",2020-10-25,200,200,"","",,,,2021-10-25 00:00:00,2021-10-25 00:00:00,"889",,"0F586E2B583A62AB36721CC24F3C7442"
"4773981","181462","76797",2020-10-25,200,200,"","",,,,2021-10-25 00:00:00,2021-10-25 00:00:00,"889",,"0F586E2B583A62AB36721CC24F3C7442"
"4773982","181455","76786",2020-10-25,200,200,"","",,,,2021-10-25 00:00:00,2021-10-25 00:00:00,"889",,"0F586E2B583A62AB36721CC24F3C7442"
"4773983","181469","76804",2020-10-25,200,200,"","",,,,2021-10-25 00:00:00,2021-10-25 00:00:00,"889",,"0F586E2B583A62AB36721CC24F3C7442"
"4773984","181451","76778",2020-10-25,200,200,"","",,,,2021-10-25 00:00:00,2021-10-25 00:00:00,"889",,"0F586E2B583A62AB36721CC24F3C7442"
"4773985","181452","76779",2020-10-25,200,200,"","",,,,2021-10-25 00:00:00,2021-10-25 00:00:00,"889",,"0F586E2B583A62AB36721CC24F3C7442"
"4773986","181471","76806",2020-10-25,200,200,"","",,,,2021-10-25 00:00:00,2021-10-25 00:00:00,"889",,"0F586E2B583A62AB36721CC24F3C7442"
"4773987","181465","76800",2020-10-25,200,200,"","",,,,2021-10-25 00:00:00,2021-10-25 00:00:00,"889",,"0F586E2B583A62AB36721CC24F3C7442"
"4773988","181449","76776",2020-10-25,200,200,"","",,,,2021-10-25 00:00:00,2021-10-25 00:00:00,"889",,"0F586E2B583A62AB36721CC24F3C7442"
"4773989","181472","76807",2020-10-25,200,200,"","",,,,2021-10-25 00:00:00,2021-10-25 00:00:00,"889",,"0F586E2B583A62AB36721CC24F3C7442"
"4773990","181461","76795",2020-10-25,200,200,"","",,,,2021-10-25 00:00:00,2021-10-25 00:00:00,"889",,"0F586E2B583A62AB36721CC24F3C7442"
"4773991","181459","76791",2020-10-25,200,200,"","",,,,2021-10-25 00:00:00,2021-10-25 00:00:00,"889",,"0F586E2B583A62AB36721CC24F3C7442"
"4773992","181460","76793",2020-10-26,200,200,"","",,,,2021-10-25 00:00:00,2021-10-25 00:00:00,"889",,"0F586E2B583A62AB36721CC24F3C7442"
"4773993","181453","76781",2020-10-26,200,200,"","",,,,2021-10-25 00:00:00,2021-10-25 00:00:00,"889",,"0F586E2B583A62AB36721CC24F3C7442"
"4773994","181447","76773",2020-10-26,200,200,"","",,,,2021-10-25 00:00:00,2021-10-25 00:00:00,"889",,"0F586E2B583A62AB36721CC24F3C7442"
"4773995","181468","76803",2020-10-26,200,200,"","",,,,2021-10-25 00:00:00,2021-10-25 00:00:00,"889",,"0F586E2B583A62AB36721CC24F3C7442"
"4773996","181450","76777",2020-10-26,200,200,"","",,,,2021-10-25 00:00:00,2021-10-25 00:00:00,"889",,"0F586E2B583A62AB36721CC24F3C7442"
"4773997","181464","76799",2020-10-26,200,200,"","",,,,2021-10-25 00:00:00,2021-10-25 00:00:00,"889",,"0F586E2B583A62AB36721CC24F3C7442"
"4773998","181463","76798",2020-10-26,200,200,"","",,,,2021-10-25 00:00:00,2021-10-25 00:00:00,"889",,"0F586E2B583A62AB36721CC24F3C7442"
"4773999","181454","76783",2020-10-26,200,200,"","",,,,2021-10-25 00:00:00,2021-10-25 00:00:00,"889",,"0F586E2B583A62AB36721CC24F3C7442"
"4774000","181458","76789",2020-10-26,200,200,"","",,,,2021-10-25 00:00:00,2021-10-25 00:00:00,"889",,"0F586E2B583A62AB36721CC24F3C7442"
"4774001","181667","76809",2020-10-26,200,200,"","",,,,2021-10-25 00:00:00,2021-10-25 00:00:00,"889",,"0F586E2B583A62AB36721CC24F3C7442"
"4774002","181470","76805",2020-10-26,200,200,"","",,,,2021-10-25 00:00:00,2021-10-25 00:00:00,"889",,"0F586E2B583A62AB36721CC24F3C7442"
"4774003","181467","76802",2020-10-26,200,200,"","",,,,2021-10-25 00:00:00,2021-10-25 00:00:00,"889",,"0F586E2B583A62AB36721CC24F3C7442"
"4774004","181448","76774",2020-10-26,200,200,"","",,,,2021-10-25 00:00:00,2021-10-25 00:00:00,"889",,"0F586E2B583A62AB36721CC24F3C7442"
"4774005","181456","76787",2020-10-26,200,200,"","",,,,2021-10-25 00:00:00,2021-10-25 00:00:00,"889",,"0F586E2B583A62AB36721CC24F3C7442"
"4774006","181457","76788",2020-10-26,200,200,"","",,,,2021-10-25 00:00:00,2021-10-25 00:00:00,"889",,"0F586E2B583A62AB36721CC24F3C7442"
"4774007","181466","76801",2020-10-26,200,200,"","",,,,2021-10-25 00:00:00,2021-10-25 00:00:00,"889",,"0F586E2B583A62AB36721CC24F3C7442"
"4774008","181462","76797",2020-10-26,200,200,"","",,,,2021-10-25 00:00:00,2021-10-25 00:00:00,"889",,"0F586E2B583A62AB36721CC24F3C7442"
"4774009","181455","76786",2020-10-26,200,200,"","",,,,2021-10-25 00:00:00,2021-10-25 00:00:00,"889",,"0F586E2B583A62AB36721CC24F3C7442"
"4774010","181469","76804",2020-10-26,200,200,"","",,,,2021-10-25 00:00:00,2021-10-25 00:00:00,"889",,"0F586E2B583A62AB36721CC24F3C7442"
"4774011","181451","76778",2020-10-26,200,200,"","",,,,2021-10-25 00:00:00,2021-10-25 00:00:00,"889",,"0F586E2B583A62AB36721CC24F3C7442"
"4774012","181452","76779",2020-10-26,200,200,"","",,,,2021-10-25 00:00:00,2021-10-25 00:00:00,"889",,"0F586E2B583A62AB36721CC24F3C7442"
"4774013","181471","76806",2020-10-26,200,200,"","",,,,2021-10-25 00:00:00,2021-10-25 00:00:00,"889",,"0F586E2B583A62AB36721CC24F3C7442"
"4774014","181465","76800",2020-10-26,200,200,"","",,,,2021-10-25 00:00:00,2021-10-25 00:00:00,"889",,"0F586E2B583A62AB36721CC24F3C7442"
"4774015","181449","76776",2020-10-26,200,200,"","",,,,2021-10-25 00:00:00,2021-10-25 00:00:00,"889",,"0F586E2B583A62AB36721CC24F3C7442"
"4774016","181472","76807",2020-10-26,200,200,"","",,,,2021-10-25 00:00:00,2021-10-25 00:00:00,"889",,"0F586E2B583A62AB36721CC24F3C7442"
"4774017","181461","76795",2020-10-26,200,200,"","",,,,2021-10-25 00:00:00,2021-10-25 00:00:00,"889",,"0F586E2B583A62AB36721CC24F3C7442"
"4774018","181459","76791",2020-10-26,200,200,"","",,,,2021-10-25 00:00:00,2021-10-25 00:00:00,"889",,"0F586E2B583A62AB36721CC24F3C7442"
"4774019","181460","76793",2020-10-27,200,200,"","",,,,2021-10-25 00:00:00,2021-10-25 00:00:00,"889",,"0F586E2B583A62AB36721CC24F3C7442"
"4774020","181453","76781",2020-10-27,200,200,"","",,,,2021-10-25 00:00:00,2021-10-25 00:00:00,"889",,"0F586E2B583A62AB36721CC24F3C7442"
"4774021","181447","76773",2020-10-27,200,200,"","",,,,2021-10-25 00:00:00,2021-10-25 00:00:00,"889",,"0F586E2B583A62AB36721CC24F3C7442"
"4774022","181468","76803",2020-10-27,200,200,"","",,,,2021-10-25 00:00:00,2021-10-25 00:00:00,"889",,"0F586E2B583A62AB36721CC24F3C7442"
"4774023","181450","76777",2020-10-27,200,200,"","",,,,2021-10-25 00:00:00,2021-10-25 00:00:00,"889",,"0F586E2B583A62AB36721CC24F3C7442"
"4774024","181464","76799",2020-10-27,200,200,"","",,,,2021-10-25 00:00:00,2021-10-25 00:00:00,"889",,"0F586E2B583A62AB36721CC24F3C7442"
"4774025","181463","76798",2020-10-27,200,200,"","",,,,2021-10-25 00:00:00,2021-10-25 00:00:00,"889",,"0F586E2B583A62AB36721CC24F3C7442"
"4774026","181454","76783",2020-10-27,200,200,"","",,,,2021-10-25 00:00:00,2021-10-25 00:00:00,"889",,"0F586E2B583A62AB36721CC24F3C7442"
"4774027","181458","76789",2020-10-27,200,200,"","",,,,2021-10-25 00:00:00,2021-10-25 00:00:00,"889",,"0F586E2B583A62AB36721CC24F3C7442"
"4774028","181667","76809",2020-10-27,200,200,"","",,,,2021-10-25 00:00:00,2021-10-25 00:00:00,"889",,"0F586E2B583A62AB36721CC24F3C7442"
"4774029","181470","76805",2020-10-27,200,200,"","",,,,2021-10-25 00:00:00,2021-10-25 00:00:00,"889",,"0F586E2B583A62AB36721CC24F3C7442"
"4774030","181467","76802",2020-10-27,200,200,"","",,,,2021-10-25 00:00:00,2021-10-25 00:00:00,"889",,"0F586E2B583A62AB36721CC24F3C7442"
"4774031","181448","76774",2020-10-27,200,200,"","",,,,2021-10-25 00:00:00,2021-10-25 00:00:00,"889",,"0F586E2B583A62AB36721CC24F3C7442"
"4774032","181456","76787",2020-10-27,200,200,"","",,,,2021-10-25 00:00:00,2021-10-25 00:00:00,"889",,"0F586E2B583A62AB36721CC24F3C7442"
"4774033","181457","76788",2020-10-27,200,200,"","",,,,2021-10-25 00:00:00,2021-10-25 00:00:00,"889",,"0F586E2B583A62AB36721CC24F3C7442"
"4774034","181466","76801",2020-10-27,200,200,"","",,,,2021-10-25 00:00:00,2021-10-25 00:00:00,"889",,"0F586E2B583A62AB36721CC24F3C7442"
"4774035","181462","76797",2020-10-27,200,200,"","",,,,2021-10-25 00:00:00,2021-10-25 00:00:00,"889",,"0F586E2B583A62AB36721CC24F3C7442"
"4774036","181455","76786",2020-10-27,200,200,"","",,,,2021-10-25 00:00:00,2021-10-25 00:00:00,"889",,"0F586E2B583A62AB36721CC24F3C7442"
"4774037","181469","76804",2020-10-27,200,200,"","",,,,2021-10-25 00:00:00,2021-10-25 00:00:00,"889",,"0F586E2B583A62AB36721CC24F3C7442"
"4774038","181451","76778",2020-10-27,200,200,"","",,,,2021-10-25 00:00:00,2021-10-25 00:00:00,"889",,"0F586E2B583A62AB36721CC24F3C7442"
"4774039","181452","76779",2020-10-27,200,200,"","",,,,2021-10-25 00:00:00,2021-10-25 00:00:00,"889",,"0F586E2B583A62AB36721CC24F3C7442"
"4774040","181471","76806",2020-10-27,200,200,"","",,,,2021-10-25 00:00:00,2021-10-25 00:00:00,"889",,"0F586E2B583A62AB36721CC24F3C7442"
"4774041","181465","76800",2020-10-27,200,200,"","",,,,2021-10-25 00:00:00,2021-10-25 00:00:00,"889",,"0F586E2B583A62AB36721CC24F3C7442"
"4774042","181449","76776",2020-10-27,200,200,"","",,,,2021-10-25 00:00:00,2021-10-25 00:00:00,"889",,"0F586E2B583A62AB36721CC24F3C7442"
"4774043","181472","76807",2020-10-27,200,200,"","",,,,2021-10-25 00:00:00,2021-10-25 00:00:00,"889",,"0F586E2B583A62AB36721CC24F3C7442"
"4774044","181461","76795",2020-10-27,200,200,"","",,,,2021-10-25 00:00:00,2021-10-25 00:00:00,"889",,"0F586E2B583A62AB36721CC24F3C7442"
"4774045","181459","76791",2020-10-27,200,200,"","",,,,2021-10-25 00:00:00,2021-10-25 00:00:00,"889",,"0F586E2B583A62AB36721CC24F3C7442"
"4774046","181460","76793",2020-10-28,200,200,"","",,,,2021-10-25 00:00:00,2021-10-25 00:00:00,"889",,"0F586E2B583A62AB36721CC24F3C7442"
"4774047","181453","76781",2020-10-28,200,200,"","",,,,2021-10-25 00:00:00,2021-10-25 00:00:00,"889",,"0F586E2B583A62AB36721CC24F3C7442"
"4774048","181447","76773",2020-10-28,200,200,"","",,,,2021-10-25 00:00:00,2021-10-25 00:00:00,"889",,"0F586E2B583A62AB36721CC24F3C7442"
"4774049","181468","76803",2020-10-28,200,200,"","",,,,2021-10-25 00:00:00,2021-10-25 00:00:00,"889",,"0F586E2B583A62AB36721CC24F3C7442"
"4774050","181450","76777",2020-10-28,200,200,"","",,,,2021-10-25 00:00:00,2021-10-25 00:00:00,"889",,"0F586E2B583A62AB36721CC24F3C7442"
"4774051","181464","76799",2020-10-28,200,200,"","",,,,2021-10-25 00:00:00,2021-10-25 00:00:00,"889",,"0F586E2B583A62AB36721CC24F3C7442"
"4774052","181463","76798",2020-10-28,200,200,"","",,,,2021-10-25 00:00:00,2021-10-25 00:00:00,"889",,"0F586E2B583A62AB36721CC24F3C7442"
"4774053","181454","76783",2020-10-28,200,200,"","",,,,2021-10-25 00:00:00,2021-10-25 00:00:00,"889",,"0F586E2B583A62AB36721CC24F3C7442"
"4774054","181458","76789",2020-10-28,200,200,"","",,,,2021-10-25 00:00:00,2021-10-25 00:00:00,"889",,"0F586E2B583A62AB36721CC24F3C7442"
"4774055","181667","76809",2020-10-28,200,200,"","",,,,2021-10-25 00:00:00,2021-10-25 00:00:00,"889",,"0F586E2B583A62AB36721CC24F3C7442"
"4774056","181470","76805",2020-10-28,200,200,"","",,,,2021-10-25 00:00:00,2021-10-25 00:00:00,"889",,"0F586E2B583A62AB36721CC24F3C7442"
"4774057","181467","76802",2020-10-28,200,200,"","",,,,2021-10-25 00:00:00,2021-10-25 00:00:00,"889",,"0F586E2B583A62AB36721CC24F3C7442"
"4774058","181448","76774",2020-10-28,200,200,"","",,,,2021-10-25 00:00:00,2021-10-25 00:00:00,"889",,"0F586E2B583A62AB36721CC24F3C7442"
"4774059","181456","76787",2020-10-28,200,200,"","",,,,2021-10-25 00:00:00,2021-10-25 00:00:00,"889",,"0F586E2B583A62AB36721CC24F3C7442"
"4774060","181457","76788",2020-10-28,200,200,"","",,,,2021-10-25 00:00:00,2021-10-25 00:00:00,"889",,"0F586E2B583A62AB36721CC24F3C7442"
"4774061","181466","76801",2020-10-28,200,200,"","",,,,2021-10-25 00:00:00,2021-10-25 00:00:00,"889",,"0F586E2B583A62AB36721CC24F3C7442"
"4774062","181462","76797",2020-10-28,200,200,"","",,,,2021-10-25 00:00:00,2021-10-25 00:00:00,"889",,"0F586E2B583A62AB36721CC24F3C7442"
"4774063","181455","76786",2020-10-28,200,200,"","",,,,2021-10-25 00:00:00,2021-10-25 00:00:00,"889",,"0F586E2B583A62AB36721CC24F3C7442"
"4774064","181469","76804",2020-10-28,200,200,"","",,,,2021-10-25 00:00:00,2021-10-25 00:00:00,"889",,"0F586E2B583A62AB36721CC24F3C7442"
"4774065","181473","76808",2020-10-28,200,200,"","",,,,2021-10-25 00:00:00,2021-10-25 00:00:00,"8",,"0F586E2B583A62AB36721CC24F3C7442"
"4774066","181451","76778",2020-10-28,200,200,"","",,,,2021-10-25 00:00:00,2021-10-25 00:00:00,"8",,"0F586E2B583A62AB36721CC24F3C7442"
"4774067","181452","76779",2020-10-28,200,200,"","",,,,2021-10-25 00:00:00,2021-10-25 00:00:00,"8",,"0F586E2B583A62AB36721CC24F3C7442"
"4774068","181471","76806",2020-10-28,200,200,"","",,,,2021-10-25 00:00:00,2021-10-25 00:00:00,"8",,"0F586E2B583A62AB36721CC24F3C7442"
"4774069","181465","76800",2020-10-28,200,200,"","",,,,2021-10-25 00:00:00,2021-10-25 00:00:00,"8",,"0F586E2B583A62AB36721CC24F3C7442"
"4774070","181461","76795",2020-10-28,200,200,"","",,,,2021-10-25 00:00:00,2021-10-25 00:00:00,"8",,"0F586E2B583A62AB36721CC24F3C7442"
"4774071","181459","76791",2020-10-28,200,200,"","",,,,2021-10-25 00:00:00,2021-10-25 00:00:00,"8",,"0F586E2B583A62AB36721CC24F3C7442"
"4774072","181460","76793",2020-10-29,200,200,"","",,,,2021-10-25 00:00:00,2021-10-25 00:00:00,"8",,"0F586E2B583A62AB36721CC24F3C7442"
"4774073","181453","76781",2020-10-29,200,200,"","",,,,2021-10-25 00:00:00,2021-10-25 00:00:00,"8",,"0F586E2B583A62AB36721CC24F3C7442"
"4774074","181447","76773",2020-10-29,200,200,"","",,,,2021-10-25 00:00:00,2021-10-25 00:00:00,"8",,"0F586E2B583A62AB36721CC24F3C7442"
"4774075","181468","76803",2020-10-29,200,200,"","",,,,2021-10-25 00:00:00,2021-10-25 00:00:00,"8",,"0F586E2B583A62AB36721CC24F3C7442"
"4774076","181667","76809",2020-10-29,200,200,"","",,,,2021-10-25 00:00:00,2021-10-25 00:00:00,"8",,"0F586E2B583A62AB36721CC24F3C7442"
"4774077","181470","76805",2020-10-29,200,200,"","",,,,2021-10-25 00:00:00,2021-10-25 00:00:00,"8",,"0F586E2B583A62AB36721CC24F3C7442"
"4774078","181467","76802",2020-10-29,200,200,"","",,,,2021-10-25 00:00:00,2021-10-25 00:00:00,"8",,"0F586E2B583A62AB36721CC24F3C7442"
"4774079","181448","76774",2020-10-29,200,200,"","",,,,2021-10-25 00:00:00,2021-10-25 00:00:00,"8",,"0F586E2B583A62AB36721CC24F3C7442"
"4774080","181456","76787",2020-10-29,200,200,"","",,,,2021-10-25 00:00:00,2021-10-25 00:00:00,"8",,"0F586E2B583A62AB36721CC24F3C7442"
"4774081","181457","76788",2020-10-29,200,200,"","",,,,2021-10-25 00:00:00,2021-10-25 00:00:00,"8",,"0F586E2B583A62AB36721CC24F3C7442"
"4774082","181460","76793",2020-10-30,200,200,"","",,,,2021-10-25 00:00:00,2021-10-25 00:00:00,"889",,"0F586E2B583A62AB36721CC24F3C7442"
"4774083","181453","76781",2020-10-30,200,200,"","",,,,2021-10-25 00:00:00,2021-10-25 00:00:00,"889",,"0F586E2B583A62AB36721CC24F3C7442"
"4774084","181447","76773",2020-10-30,200,200,"","",,,,2021-10-25 00:00:00,2021-10-25 00:00:00,"889",,"0F586E2B583A62AB36721CC24F3C7442"
"4774085","181468","76803",2020-10-30,200,200,"","",,,,2021-10-25 00:00:00,2021-10-25 00:00:00,"889",,"0F586E2B583A62AB36721CC24F3C7442"
"4774086","181450","76777",2020-10-30,200,200,"","",,,,2021-10-25 00:00:00,2021-10-25 00:00:00,"889",,"0F586E2B583A62AB36721CC24F3C7442"
"4774087","181464","76799",2020-10-30,200,200,"","",,,,2021-10-25 00:00:00,2021-10-25 00:00:00,"889",,"0F586E2B583A62AB36721CC24F3C7442"
"4774088","181463","76798",2020-10-30,200,200,"","",,,,2021-10-25 00:00:00,2021-10-25 00:00:00,"889",,"0F586E2B583A62AB36721CC24F3C7442"
"4774089","181454","76783",2020-10-30,200,200,"","",,,,2021-10-25 00:00:00,2021-10-25 00:00:00,"889",,"0F586E2B583A62AB36721CC24F3C7442"
"4774090","181458","76789",2020-10-30,200,200,"","",,,,2021-10-25 00:00:00,2021-10-25 00:00:00,"889",,"0F586E2B583A62AB36721CC24F3C7442"
"4774091","181667","76809",2020-10-30,200,200,"","",,,,2021-10-25 00:00:00,2021-10-25 00:00:00,"889",,"0F586E2B583A62AB36721CC24F3C7442"
"4774092","181470","76805",2020-10-30,200,200,"","",,,,2021-10-25 00:00:00,2021-10-25 00:00:00,"889",,"0F586E2B583A62AB36721CC24F3C7442"
"4774093","181467","76802",2020-10-30,200,200,"","",,,,2021-10-25 00:00:00,2021-10-25 00:00:00,"889",,"0F586E2B583A62AB36721CC24F3C7442"
"4774094","181448","76774",2020-10-30,200,200,"","",,,,2021-10-25 00:00:00,2021-10-25 00:00:00,"889",,"0F586E2B583A62AB36721CC24F3C7442"
"4774095","181456","76787",2020-10-30,200,200,"","",,,,2021-10-25 00:00:00,2021-10-25 00:00:00,"889",,"0F586E2B583A62AB36721CC24F3C7442"
"4774096","181457","76788",2020-10-30,200,200,"","",,,,2021-10-25 00:00:00,2021-10-25 00:00:00,"889",,"0F586E2B583A62AB36721CC24F3C7442"
"4774097","181466","76801",2020-10-30,200,200,"","",,,,2021-10-25 00:00:00,2021-10-25 00:00:00,"889",,"0F586E2B583A62AB36721CC24F3C7442"
"4774098","181462","76797",2020-10-30,200,200,"","",,,,2021-10-25 00:00:00,2021-10-25 00:00:00,"889",,"0F586E2B583A62AB36721CC24F3C7442"
"4774099","181455","76786",2020-10-30,200,200,"","",,,,2021-10-25 00:00:00,2021-10-25 00:00:00,"889",,"0F586E2B583A62AB36721CC24F3C7442"
"4774100","181469","76804",2020-10-30,200,200,"","",,,,2021-10-25 00:00:00,2021-10-25 00:00:00,"889",,"0F586E2B583A62AB36721CC24F3C7442"
"4774101","181451","76778",2020-10-30,200,200,"","",,,,2021-10-25 00:00:00,2021-10-25 00:00:00,"889",,"0F586E2B583A62AB36721CC24F3C7442"
"4774102","181452","76779",2020-10-30,200,200,"","",,,,2021-10-25 00:00:00,2021-10-25 00:00:00,"889",,"0F586E2B583A62AB36721CC24F3C7442"
"4774103","181471","76806",2020-10-30,200,200,"","",,,,2021-10-25 00:00:00,2021-10-25 00:00:00,"889",,"0F586E2B583A62AB36721CC24F3C7442"
"4774104","181465","76800",2020-10-30,200,200,"","",,,,2021-10-25 00:00:00,2021-10-25 00:00:00,"889",,"0F586E2B583A62AB36721CC24F3C7442"
"4774105","181449","76776",2020-10-30,200,200,"","",,,,2021-10-25 00:00:00,2021-10-25 00:00:00,"889",,"0F586E2B583A62AB36721CC24F3C7442"
"4774106","181472","76807",2020-10-30,200,200,"","",,,,2021-10-25 00:00:00,2021-10-25 00:00:00,"889",,"0F586E2B583A62AB36721CC24F3C7442"
"4774107","181461","76795",2020-10-30,200,200,"","",,,,2021-10-25 00:00:00,2021-10-25 00:00:00,"889",,"0F586E2B583A62AB36721CC24F3C7442"
"4774108","181459","76791",2020-10-30,200,200,"","",,,,2021-10-25 00:00:00,2021-10-25 00:00:00,"889",,"0F586E2B583A62AB36721CC24F3C7442"
"4774109","181460","76793",2020-10-31,200,200,"","",,,,2021-10-25 00:00:00,2021-10-25 00:00:00,"889",,"0F586E2B583A62AB36721CC24F3C7442"
"4774110","181450","76777",2020-10-31,200,200,"","",,,,2021-10-25 00:00:00,2021-10-25 00:00:00,"889",,"0F586E2B583A62AB36721CC24F3C7442"
"4774111","181463","76798",2020-10-31,200,200,"","",,,,2021-10-25 00:00:00,2021-10-25 00:00:00,"889",,"0F586E2B583A62AB36721CC24F3C7442"
"4774112","181667","76809",2020-10-31,200,200,"","",,,,2021-10-25 00:00:00,2021-10-25 00:00:00,"889",,"0F586E2B583A62AB36721CC24F3C7442"
"4774113","181467","76802",2020-10-31,200,200,"","",,,,2021-10-25 00:00:00,2021-10-25 00:00:00,"889",,"0F586E2B583A62AB36721CC24F3C7442"
"4774114","181456","76787",2020-10-31,200,200,"","",,,,2021-10-25 00:00:00,2021-10-25 00:00:00,"889",,"0F586E2B583A62AB36721CC24F3C7442"
"4774115","181457","76788",2020-10-31,200,200,"","",,,,2021-10-25 00:00:00,2021-10-25 00:00:00,"889",,"0F586E2B583A62AB36721CC24F3C7442"
"4774116","181466","76801",2020-10-31,200,200,"","",,,,2021-10-25 00:00:00,2021-10-25 00:00:00,"889",,"0F586E2B583A62AB36721CC24F3C7442"
"4774117","181462","76797",2020-10-31,200,200,"","",,,,2021-10-25 00:00:00,2021-10-25 00:00:00,"889",,"0F586E2B583A62AB36721CC24F3C7442"
"4774118","181455","76786",2020-10-31,200,200,"","",,,,2021-10-25 00:00:00,2021-10-25 00:00:00,"889",,"0F586E2B583A62AB36721CC24F3C7442"
"4774119","181469","76804",2020-10-31,200,200,"","",,,,2021-10-25 00:00:00,2021-10-25 00:00:00,"889",,"0F586E2B583A62AB36721CC24F3C7442"
"4774120","181451","76778",2020-10-31,200,200,"","",,,,2021-10-25 00:00:00,2021-10-25 00:00:00,"889",,"0F586E2B583A62AB36721CC24F3C7442"
"4774121","181452","76779",2020-10-31,200,200,"","",,,,2021-10-25 00:00:00,2021-10-25 00:00:00,"889",,"0F586E2B583A62AB36721CC24F3C7442"
"4774122","181465","76800",2020-10-31,200,200,"","",,,,2021-10-25 00:00:00,2021-10-25 00:00:00,"889",,"0F586E2B583A62AB36721CC24F3C7442"
"4774123","181449","76776",2020-10-31,200,200,"","",,,,2021-10-25 00:00:00,2021-10-25 00:00:00,"889",,"0F586E2B583A62AB36721CC24F3C7442"
"4774124","181461","76795",2020-10-31,200,200,"","",,,,2021-10-25 00:00:00,2021-10-25 00:00:00,"889",,"0F586E2B583A62AB36721CC24F3C7442"
"4774125","181460","76793",2020-11-01,200,200,"","",,,,2021-10-25 00:00:00,2021-10-25 00:00:00,"889",,"0F586E2B583A62AB36721CC24F3C7442"
"4774126","181453","76781",2020-11-01,200,200,"","",,,,2021-10-25 00:00:00,2021-10-25 00:00:00,"889",,"0F586E2B583A62AB36721CC24F3C7442"
"4774127","181447","76773",2020-11-01,200,200,"","",,,,2021-10-25 00:00:00,2021-10-25 00:00:00,"889",,"0F586E2B583A62AB36721CC24F3C7442"
"4774128","181468","76803",2020-11-01,200,200,"","",,,,2021-10-25 00:00:00,2021-10-25 00:00:00,"889",,"0F586E2B583A62AB36721CC24F3C7442"
"4774129","181450","76777",2020-11-01,200,200,"","",,,,2021-10-25 00:00:00,2021-10-25 00:00:00,"889",,"0F586E2B583A62AB36721CC24F3C7442"
"4774130","181464","76799",2020-11-01,200,200,"","",,,,2021-10-25 00:00:00,2021-10-25 00:00:00,"889",,"0F586E2B583A62AB36721CC24F3C7442"
"4774131","181463","76798",2020-11-01,200,200,"","",,,,2021-10-25 00:00:00,2021-10-25 00:00:00,"889",,"0F586E2B583A62AB36721CC24F3C7442"
"4774132","181454","76783",2020-11-01,200,200,"","",,,,2021-10-25 00:00:00,2021-10-25 00:00:00,"889",,"0F586E2B583A62AB36721CC24F3C7442"
"4774133","181458","76789",2020-11-01,200,200,"","",,,,2021-10-25 00:00:00,2021-10-25 00:00:00,"889",,"0F586E2B583A62AB36721CC24F3C7442"
"4774134","181470","76805",2020-11-01,200,200,"","",,,,2021-10-25 00:00:00,2021-10-25 00:00:00,"889",,"0F586E2B583A62AB36721CC24F3C7442"
"4774135","181448","76774",2020-11-01,200,200,"","",,,,2021-10-25 00:00:00,2021-10-25 00:00:00,"889",,"0F586E2B583A62AB36721CC24F3C7442"
"4774136","181456","76787",2020-11-01,200,200,"","",,,,2021-10-25 00:00:00,2021-10-25 00:00:00,"889",,"0F586E2B583A62AB36721CC24F3C7442"
"4774137","181466","76801",2020-11-01,200,200,"","",,,,2021-10-25 00:00:00,2021-10-25 00:00:00,"889",,"0F586E2B583A62AB36721CC24F3C7442"
"4774138","181462","76797",2020-11-01,200,200,"","",,,,2021-10-25 00:00:00,2021-10-25 00:00:00,"889",,"0F586E2B583A62AB36721CC24F3C7442"
"4774139","181455","76786",2020-11-01,200,200,"","",,,,2021-10-25 00:00:00,2021-10-25 00:00:00,"889",,"0F586E2B583A62AB36721CC24F3C7442"
"4774140","181471","76806",2020-11-01,200,200,"","",,,,2021-10-25 00:00:00,2021-10-25 00:00:00,"889",,"0F586E2B583A62AB36721CC24F3C7442"
"4774141","181449","76776",2020-11-01,200,200,"","",,,,2021-10-25 00:00:00,2021-10-25 00:00:00,"889",,"0F586E2B583A62AB36721CC24F3C7442"
"4774142","181472","76807",2020-11-01,200,200,"","",,,,2021-10-25 00:00:00,2021-10-25 00:00:00,"889",,"0F586E2B583A62AB36721CC24F3C7442"
"4774143","181459","76791",2020-11-01,200,200,"","",,,,2021-10-25 00:00:00,2021-10-25 00:00:00,"889",,"0F586E2B583A62AB36721CC24F3C7442"
"4774144","181460","76793",2020-11-02,200,200,"","",,,,2021-10-25 00:00:00,2021-10-25 00:00:00,"889",,"0F586E2B583A62AB36721CC24F3C7442"
"4774145","181453","76781",2020-11-02,200,200,"","",,,,2021-10-25 00:00:00,2021-10-25 00:00:00,"889",,"0F586E2B583A62AB36721CC24F3C7442"
"4774146","181447","76773",2020-11-02,200,200,"","",,,,2021-10-25 00:00:00,2021-10-25 00:00:00,"889",,"0F586E2B583A62AB36721CC24F3C7442"
"4774147","181468","76803",2020-11-02,200,200,"","",,,,2021-10-25 00:00:00,2021-10-25 00:00:00,"889",,"0F586E2B583A62AB36721CC24F3C7442"
"4774148","181450","76777",2020-11-02,200,200,"","",,,,2021-10-25 00:00:00,2021-10-25 00:00:00,"889",,"0F586E2B583A62AB36721CC24F3C7442"
"4774149","181464","76799",2020-11-02,200,200,"","",,,,2021-10-25 00:00:00,2021-10-25 00:00:00,"889",,"0F586E2B583A62AB36721CC24F3C7442"
"4774150","181463","76798",2020-11-02,200,200,"","",,,,2021-10-25 00:00:00,2021-10-25 00:00:00,"889",,"0F586E2B583A62AB36721CC24F3C7442"
"4774151","181458","76789",2020-11-02,200,200,"","",,,,2021-10-25 00:00:00,2021-10-25 00:00:00,"889",,"0F586E2B583A62AB36721CC24F3C7442"
"4774152","181667","76809",2020-11-02,200,200,"","",,,,2021-10-25 00:00:00,2021-10-25 00:00:00,"889",,"0F586E2B583A62AB36721CC24F3C7442"
"4774153","181470","76805",2020-11-02,200,200,"","",,,,2021-10-25 00:00:00,2021-10-25 00:00:00,"889",,"0F586E2B583A62AB36721CC24F3C7442"
"4774154","181467","76802",2020-11-02,200,200,"","",,,,2021-10-25 00:00:00,2021-10-25 00:00:00,"889",,"0F586E2B583A62AB36721CC24F3C7442"
"4774155","181448","76774",2020-11-02,200,200,"","",,,,2021-10-25 00:00:00,2021-10-25 00:00:00,"889",,"0F586E2B583A62AB36721CC24F3C7442"
"4774156","181456","76787",2020-11-02,200,200,"","",,,,2021-10-25 00:00:00,2021-10-25 00:00:00,"889",,"0F586E2B583A62AB36721CC24F3C7442"
"4774157","181457","76788",2020-11-02,200,200,"","",,,,2021-10-25 00:00:00,2021-10-25 00:00:00,"889",,"0F586E2B583A62AB36721CC24F3C7442"
"4774158","181466","76801",2020-11-02,200,200,"","",,,,2021-10-25 00:00:00,2021-10-25 00:00:00,"889",,"0F586E2B583A62AB36721CC24F3C7442"
"4774159","181462","76797",2020-11-02,200,200,"","",,,,2021-10-25 00:00:00,2021-10-25 00:00:00,"889",,"0F586E2B583A62AB36721CC24F3C7442"
"4774160","181455","76786",2020-11-02,200,200,"","",,,,2021-10-25 00:00:00,2021-10-25 00:00:00,"889",,"0F586E2B583A62AB36721CC24F3C7442"
"4774161","181469","76804",2020-11-02,200,200,"","",,,,2021-10-25 00:00:00,2021-10-25 00:00:00,"889",,"0F586E2B583A62AB36721CC24F3C7442"
"4774162","181451","76778",2020-11-02,200,200,"","",,,,2021-10-25 00:00:00,2021-10-25 00:00:00,"889",,"0F586E2B583A62AB36721CC24F3C7442"
"4774163","181452","76779",2020-11-02,200,200,"","",,,,2021-10-25 00:00:00,2021-10-25 00:00:00,"889",,"0F586E2B583A62AB36721CC24F3C7442"
"4774164","181471","76806",2020-11-02,200,200,"","",,,,2021-10-25 00:00:00,2021-10-25 00:00:00,"889",,"0F586E2B583A62AB36721CC24F3C7442"
"4774165","181465","76800",2020-11-02,200,200,"","",,,,2021-10-25 00:00:00,2021-10-25 00:00:00,"889",,"0F586E2B583A62AB36721CC24F3C7442"
"4774166","181449","76776",2020-11-02,200,200,"","",,,,2021-10-25 00:00:00,2021-10-25 00:00:00,"889",,"0F586E2B583A62AB36721CC24F3C7442"
"4774167","181472","76807",2020-11-02,200,200,"","",,,,2021-10-25 00:00:00,2021-10-25 00:00:00,"889",,"0F586E2B583A62AB36721CC24F3C7442"
"4774168","181461","76795",2020-11-02,200,200,"","",,,,2021-10-25 00:00:00,2021-10-25 00:00:00,"889",,"0F586E2B583A62AB36721CC24F3C7442"
"4774169","181459","76791",2020-11-02,200,200,"","",,,,2021-10-25 00:00:00,2021-10-25 00:00:00,"889",,"0F586E2B583A62AB36721CC24F3C7442"
"4774170","181447","76773",2020-11-03,200,200,"","",,,,2021-10-25 00:00:00,2021-10-25 00:00:00,"889",,"0F586E2B583A62AB36721CC24F3C7442"
"4774171","181450","76777",2020-11-03,200,200,"","",,,,2021-10-25 00:00:00,2021-10-25 00:00:00,"889",,"0F586E2B583A62AB36721CC24F3C7442"
"4774172","181463","76798",2020-11-03,200,200,"","",,,,2021-10-25 00:00:00,2021-10-25 00:00:00,"889",,"0F586E2B583A62AB36721CC24F3C7442"
"4774173","181454","76783",2020-11-03,200,200,"","",,,,2021-10-25 00:00:00,2021-10-25 00:00:00,"889",,"0F586E2B583A62AB36721CC24F3C7442"
"4774174","181667","76809",2020-11-03,200,200,"","",,,,2021-10-25 00:00:00,2021-10-25 00:00:00,"889",,"0F586E2B583A62AB36721CC24F3C7442"
"4774175","181467","76802",2020-11-03,200,200,"","",,,,2021-10-25 00:00:00,2021-10-25 00:00:00,"889",,"0F586E2B583A62AB36721CC24F3C7442"
"4774176","181448","76774",2020-11-03,200,200,"","",,,,2021-10-25 00:00:00,2021-10-25 00:00:00,"889",,"0F586E2B583A62AB36721CC24F3C7442"
"4774177","181456","76787",2020-11-03,200,200,"","",,,,2021-10-25 00:00:00,2021-10-25 00:00:00,"889",,"0F586E2B583A62AB36721CC24F3C7442"
"4774178","181457","76788",2020-11-03,200,200,"","",,,,2021-10-25 00:00:00,2021-10-25 00:00:00,"889",,"0F586E2B583A62AB36721CC24F3C7442"
"4774179","181462","76797",2020-11-03,200,200,"","",,,,2021-10-25 00:00:00,2021-10-25 00:00:00,"889",,"0F586E2B583A62AB36721CC24F3C7442"
"4774180","181455","76786",2020-11-03,200,200,"","",,,,2021-10-25 00:00:00,2021-10-25 00:00:00,"889",,"0F586E2B583A62AB36721CC24F3C7442"
"4774181","181469","76804",2020-11-03,200,200,"","",,,,2021-10-25 00:00:00,2021-10-25 00:00:00,"889",,"0F586E2B583A62AB36721CC24F3C7442"
"4774182","181451","76778",2020-11-03,200,200,"","",,,,2021-10-25 00:00:00,2021-10-25 00:00:00,"889",,"0F586E2B583A62AB36721CC24F3C7442"
"4774183","181452","76779",2020-11-03,200,200,"","",,,,2021-10-25 00:00:00,2021-10-25 00:00:00,"889",,"0F586E2B583A62AB36721CC24F3C7442"
"4774184","181471","76806",2020-11-03,200,200,"","",,,,2021-10-25 00:00:00,2021-10-25 00:00:00,"889",,"0F586E2B583A62AB36721CC24F3C7442"
"4774185","181465","76800",2020-11-03,200,200,"","",,,,2021-10-25 00:00:00,2021-10-25 00:00:00,"889",,"0F586E2B583A62AB36721CC24F3C7442"
"4774186","181449","76776",2020-11-03,200,200,"","",,,,2021-10-25 00:00:00,2021-10-25 00:00:00,"889",,"0F586E2B583A62AB36721CC24F3C7442"
"4774187","181472","76807",2020-11-03,200,200,"","",,,,2021-10-25 00:00:00,2021-10-25 00:00:00,"889",,"0F586E2B583A62AB36721CC24F3C7442"
"4774188","181461","76795",2020-11-03,200,200,"","",,,,2021-10-25 00:00:00,2021-10-25 00:00:00,"889",,"0F586E2B583A62AB36721CC24F3C7442"
"4774189","181459","76791",2020-11-03,200,200,"","",,,,2021-10-25 00:00:00,2021-10-25 00:00:00,"889",,"0F586E2B583A62AB36721CC24F3C7442"
"4774190","181460","76793",2020-11-04,200,200,"","",,,,2021-10-25 00:00:00,2021-10-25 00:00:00,"889",,"0F586E2B583A62AB36721CC24F3C7442"
"4774191","181453","76781",2020-11-04,200,200,"","",,,,2021-10-25 00:00:00,2021-10-25 00:00:00,"889",,"0F586E2B583A62AB36721CC24F3C7442"
"4774192","181447","76773",2020-11-04,200,200,"","",,,,2021-10-25 00:00:00,2021-10-25 00:00:00,"889",,"0F586E2B583A62AB36721CC24F3C7442"
"4774193","181468","76803",2020-11-04,200,200,"","",,,,2021-10-25 00:00:00,2021-10-25 00:00:00,"889",,"0F586E2B583A62AB36721CC24F3C7442"
"4774194","181450","76777",2020-11-04,200,200,"","",,,,2021-10-25 00:00:00,2021-10-25 00:00:00,"889",,"0F586E2B583A62AB36721CC24F3C7442"
"4774195","181464","76799",2020-11-04,200,200,"","",,,,2021-10-25 00:00:00,2021-10-25 00:00:00,"889",,"0F586E2B583A62AB36721CC24F3C7442"
"4774196","181463","76798",2020-11-04,200,200,"","",,,,2021-10-25 00:00:00,2021-10-25 00:00:00,"889",,"0F586E2B583A62AB36721CC24F3C7442"
"4774197","181454","76783",2020-11-04,200,200,"","",,,,2021-10-25 00:00:00,2021-10-25 00:00:00,"889",,"0F586E2B583A62AB36721CC24F3C7442"
"4774198","181458","76789",2020-11-04,200,200,"","",,,,2021-10-25 00:00:00,2021-10-25 00:00:00,"889",,"0F586E2B583A62AB36721CC24F3C7442"
"4774199","181667","76809",2020-11-04,200,200,"","",,,,2021-10-25 00:00:00,2021-10-25 00:00:00,"889",,"0F586E2B583A62AB36721CC24F3C7442"
"4774200","181470","76805",2020-11-04,200,200,"","",,,,2021-10-25 00:00:00,2021-10-25 00:00:00,"889",,"0F586E2B583A62AB36721CC24F3C7442"
"4774201","181467","76802",2020-11-04,200,200,"","",,,,2021-10-25 00:00:00,2021-10-25 00:00:00,"889",,"0F586E2B583A62AB36721CC24F3C7442"
"4774202","181448","76774",2020-11-04,200,200,"","",,,,2021-10-25 00:00:00,2021-10-25 00:00:00,"889",,"0F586E2B583A62AB36721CC24F3C7442"
"4774203","181456","76787",2020-11-04,200,200,"","",,,,2021-10-25 00:00:00,2021-10-25 00:00:00,"889",,"0F586E2B583A62AB36721CC24F3C7442"
"4774204","181457","76788",2020-11-04,200,200,"","",,,,2021-10-25 00:00:00,2021-10-25 00:00:00,"889",,"0F586E2B583A62AB36721CC24F3C7442"
"4774205","181466","76801",2020-11-04,200,200,"","",,,,2021-10-25 00:00:00,2021-10-25 00:00:00,"889",,"0F586E2B583A62AB36721CC24F3C7442"
"4774206","181462","76797",2020-11-04,200,200,"","",,,,2021-10-25 00:00:00,2021-10-25 00:00:00,"889",,"0F586E2B583A62AB36721CC24F3C7442"
"4774207","181455","76786",2020-11-04,200,200,"","",,,,2021-10-25 00:00:00,2021-10-25 00:00:00,"889",,"0F586E2B583A62AB36721CC24F3C7442"
"4774208","181469","76804",2020-11-04,200,200,"","",,,,2021-10-25 00:00:00,2021-10-25 00:00:00,"889",,"0F586E2B583A62AB36721CC24F3C7442"
"4774209","181451","76778",2020-11-04,200,200,"","",,,,2021-10-25 00:00:00,2021-10-25 00:00:00,"889",,"0F586E2B583A62AB36721CC24F3C7442"
"4774210","181452","76779",2020-11-04,200,200,"","",,,,2021-10-25 00:00:00,2021-10-25 00:00:00,"889",,"0F586E2B583A62AB36721CC24F3C7442"
"4774211","181471","76806",2020-11-04,200,200,"","",,,,2021-10-25 00:00:00,2021-10-25 00:00:00,"889",,"0F586E2B583A62AB36721CC24F3C7442"
"4774212","181465","76800",2020-11-04,200,200,"","",,,,2021-10-25 00:00:00,2021-10-25 00:00:00,"889",,"0F586E2B583A62AB36721CC24F3C7442"
"4774213","181449","76776",2020-11-04,200,200,"","",,,,2021-10-25 00:00:00,2021-10-25 00:00:00,"889",,"0F586E2B583A62AB36721CC24F3C7442"
"4774214","181472","76807",2020-11-04,200,200,"","",,,,2021-10-25 00:00:00,2021-10-25 00:00:00,"889",,"0F586E2B583A62AB36721CC24F3C7442"
"4774215","181461","76795",2020-11-04,200,200,"","",,,,2021-10-25 00:00:00,2021-10-25 00:00:00,"889",,"0F586E2B583A62AB36721CC24F3C7442"
"4774216","181459","76791",2020-11-04,200,200,"","",,,,2021-10-25 00:00:00,2021-10-25 00:00:00,"889",,"0F586E2B583A62AB36721CC24F3C7442"
"4774217","181460","76793",2020-11-05,200,200,"","",,,,2021-10-25 00:00:00,2021-10-25 00:00:00,"889",,"0F586E2B583A62AB36721CC24F3C7442"
"4774218","181453","76781",2020-11-05,200,200,"","",,,,2021-10-25 00:00:00,2021-10-25 00:00:00,"889",,"0F586E2B583A62AB36721CC24F3C7442"
"4774219","181447","76773",2020-11-05,200,200,"","",,,,2021-10-25 00:00:00,2021-10-25 00:00:00,"889",,"0F586E2B583A62AB36721CC24F3C7442"
"4774220","181468","76803",2020-11-05,200,200,"","",,,,2021-10-25 00:00:00,2021-10-25 00:00:00,"889",,"0F586E2B583A62AB36721CC24F3C7442"
"4774221","181450","76777",2020-11-05,200,200,"","",,,,2021-10-25 00:00:00,2021-10-25 00:00:00,"889",,"0F586E2B583A62AB36721CC24F3C7442"
"4774222","181464","76799",2020-11-05,200,200,"","",,,,2021-10-25 00:00:00,2021-10-25 00:00:00,"889",,"0F586E2B583A62AB36721CC24F3C7442"
"4774223","181463","76798",2020-11-05,200,200,"","",,,,2021-10-25 00:00:00,2021-10-25 00:00:00,"889",,"0F586E2B583A62AB36721CC24F3C7442"
"4774224","181454","76783",2020-11-05,200,200,"","",,,,2021-10-25 00:00:00,2021-10-25 00:00:00,"889",,"0F586E2B583A62AB36721CC24F3C7442"
"4774225","181448","76774",2020-10-31,200,200,"","",,,,2021-10-25 00:00:00,2021-10-25 00:00:00,"8",,"0F586E2B583A62AB36721CC24F3C7442"
"4774226","181471","76806",2020-10-31,200,200,"","",,,,2021-10-25 00:00:00,2021-10-25 00:00:00,"8",,"0F586E2B583A62AB36721CC24F3C7442"
"4774227","181472","76807",2020-10-31,200,200,"","",,,,2021-10-25 00:00:00,2021-10-25 00:00:00,"8",,"0F586E2B583A62AB36721CC24F3C7442"
"4774228","181470","76805",2020-10-31,200,200,"","",,,,2021-10-25 00:00:00,2021-10-25 00:00:00,"8",,"0F586E2B583A62AB36721CC24F3C7442"
"4774229","181473","76808",2020-10-31,200,200,"","",,,,2021-10-25 00:00:00,2021-10-25 00:00:00,"8",,"0F586E2B583A62AB36721CC24F3C7442"
"4774230","181453","76781",2020-10-31,200,200,"","",,,,2021-10-25 00:00:00,2021-10-25 00:00:00,"8",,"0F586E2B583A62AB36721CC24F3C7442"
"4774231","181447","76773",2020-10-31,200,200,"","",,,,2021-10-25 00:00:00,2021-10-25 00:00:00,"8",,"0F586E2B583A62AB36721CC24F3C7442"
"4774232","181468","76803",2020-10-31,200,200,"","",,,,2021-10-25 00:00:00,2021-10-25 00:00:00,"8",,"0F586E2B583A62AB36721CC24F3C7442"
"4774233","181464","76799",2020-10-31,200,200,"","",,,,2021-10-25 00:00:00,2021-10-25 00:00:00,"8",,"0F586E2B583A62AB36721CC24F3C7442"
"4774234","181454","76783",2020-10-31,200,200,"","",,,,2021-10-25 00:00:00,2021-10-25 00:00:00,"8",,"0F586E2B583A62AB36721CC24F3C7442"
"4774235","181458","76789",2020-10-31,200,200,"","",,,,2021-10-25 00:00:00,2021-10-25 00:00:00,"8",,"0F586E2B583A62AB36721CC24F3C7442"
"4774236","181459","76791",2020-10-31,200,200,"","",,,,2021-10-25 00:00:00,2021-10-25 00:00:00,"8",,"0F586E2B583A62AB36721CC24F3C7442"
"4774237","181452","76779",2020-11-01,200,200,"","",,,,2021-10-25 00:00:00,2021-10-25 00:00:00,"8",,"0F586E2B583A62AB36721CC24F3C7442"
"4774238","181465","76800",2020-11-01,200,200,"","",,,,2021-10-25 00:00:00,2021-10-25 00:00:00,"8",,"0F586E2B583A62AB36721CC24F3C7442"
"4774239","181667","76809",2020-11-01,200,200,"","",,,,2021-10-25 00:00:00,2021-10-25 00:00:00,"8",,"0F586E2B583A62AB36721CC24F3C7442"
"4774240","181467","76802",2020-11-01,200,200,"","",,,,2021-10-25 00:00:00,2021-10-25 00:00:00,"8",,"0F586E2B583A62AB36721CC24F3C7442"
"4774241","181457","76788",2020-11-01,200,200,"","",,,,2021-10-25 00:00:00,2021-10-25 00:00:00,"8",,"0F586E2B583A62AB36721CC24F3C7442"
"4774242","181469","76804",2020-11-01,200,200,"","",,,,2021-10-25 00:00:00,2021-10-25 00:00:00,"8",,"0F586E2B583A62AB36721CC24F3C7442"
"4774243","181451","76778",2020-11-01,200,200,"","",,,,2021-10-25 00:00:00,2021-10-25 00:00:00,"8",,"0F586E2B583A62AB36721CC24F3C7442"
"4774244","181468","76803",2020-11-03,200,200,"","",,,,2021-10-25 00:00:00,2021-10-25 00:00:00,"8",,"0F586E2B583A62AB36721CC24F3C7442"
"4774245","181464","76799",2020-11-03,200,200,"","",,,,2021-10-25 00:00:00,2021-10-25 00:00:00,"8",,"0F586E2B583A62AB36721CC24F3C7442"
"4774246","181458","76789",2020-11-03,200,200,"","",,,,2021-10-25 00:00:00,2021-10-25 00:00:00,"8",,"0F586E2B583A62AB36721CC24F3C7442"
"4774247","181470","76805",2020-11-03,200,200,"","",,,,2021-10-25 00:00:00,2021-10-25 00:00:00,"8",,"0F586E2B583A62AB36721CC24F3C7442"
"4774248","181466","76801",2020-11-03,200,200,"","",,,,2021-10-25 00:00:00,2021-10-25 00:00:00,"8",,"0F586E2B583A62AB36721CC24F3C7442"
"4774249","181473","76808",2020-11-03,200,200,"","",,,,2021-10-25 00:00:00,2021-10-25 00:00:00,"8",,"0F586E2B583A62AB36721CC24F3C7442"
"4774250","181460","76793",2020-11-03,200,200,"","",,,,2021-10-25 00:00:00,2021-10-25 00:00:00,"8",,"0F586E2B583A62AB36721CC24F3C7442"
"4774251","181453","76781",2020-11-03,200,200,"","",,,,2021-10-25 00:00:00,2021-10-25 00:00:00,"8",,"0F586E2B583A62AB36721CC24F3C7442"
"4774252","181452","76779",2020-11-05,200,200,"","",,,,2021-10-25 00:00:00,2021-10-25 00:00:00,"8",,"0F586E2B583A62AB36721CC24F3C7442"
"4774253","181471","76806",2020-11-05,200,200,"","",,,,2021-10-25 00:00:00,2021-10-25 00:00:00,"8",,"0F586E2B583A62AB36721CC24F3C7442"
"4774254","181465","76800",2020-11-05,200,200,"","",,,,2021-10-25 00:00:00,2021-10-25 00:00:00,"8",,"0F586E2B583A62AB36721CC24F3C7442"
"4774255","181449","76776",2020-11-05,200,200,"","",,,,2021-10-25 00:00:00,2021-10-25 00:00:00,"8",,"0F586E2B583A62AB36721CC24F3C7442"
"4774256","181472","76807",2020-11-05,200,200,"","",,,,2021-10-25 00:00:00,2021-10-25 00:00:00,"8",,"0F586E2B583A62AB36721CC24F3C7442"
"4774257","181470","76805",2020-11-05,200,200,"","",,,,2021-10-25 00:00:00,2021-10-25 00:00:00,"8",,"0F586E2B583A62AB36721CC24F3C7442"
"4774258","181467","76802",2020-11-05,200,200,"","",,,,2021-10-25 00:00:00,2021-10-25 00:00:00,"8",,"0F586E2B583A62AB36721CC24F3C7442"
"4774259","181448","76774",2020-11-05,200,200,"","",,,,2021-10-25 00:00:00,2021-10-25 00:00:00,"8",,"0F586E2B583A62AB36721CC24F3C7442"
"4774260","181456","76787",2020-11-05,200,200,"","",,,,2021-10-25 00:00:00,2021-10-25 00:00:00,"8",,"0F586E2B583A62AB36721CC24F3C7442"
"4774261","181457","76788",2020-11-05,200,200,"","",,,,2021-10-25 00:00:00,2021-10-25 00:00:00,"8",,"0F586E2B583A62AB36721CC24F3C7442"
"4774262","181460","76793",2020-10-01,200,200,"","",,,,2021-10-25 00:00:00,2021-10-25 00:00:00,"889",,"0F586E2B583A62AB36721CC24F3C7442"
"4774263","181453","76781",2020-10-01,200,200,"","",,,,2021-10-25 00:00:00,2021-10-25 00:00:00,"889",,"0F586E2B583A62AB36721CC24F3C7442"
"4774264","181447","76773",2020-10-01,200,200,"","",,,,2021-10-25 00:00:00,2021-10-25 00:00:00,"889",,"0F586E2B583A62AB36721CC24F3C7442"
"4774265","181468","76803",2020-10-01,200,200,"","",,,,2021-10-25 00:00:00,2021-10-25 00:00:00,"889",,"0F586E2B583A62AB36721CC24F3C7442"
"4774266","181450","76777",2020-10-01,200,200,"","",,,,2021-10-25 00:00:00,2021-10-25 00:00:00,"889",,"0F586E2B583A62AB36721CC24F3C7442"
"4774267","181464","76799",2020-10-01,200,200,"","",,,,2021-10-25 00:00:00,2021-10-25 00:00:00,"889",,"0F586E2B583A62AB36721CC24F3C7442"
"4774268","181463","76798",2020-10-01,200,200,"","",,,,2021-10-25 00:00:00,2021-10-25 00:00:00,"889",,"0F586E2B583A62AB36721CC24F3C7442"
"4774269","181454","76783",2020-10-01,200,200,"","",,,,2021-10-25 00:00:00,2021-10-25 00:00:00,"889",,"0F586E2B583A62AB36721CC24F3C7442"
"4774270","181458","76789",2020-10-01,200,200,"","",,,,2021-10-25 00:00:00,2021-10-25 00:00:00,"889",,"0F586E2B583A62AB36721CC24F3C7442"
"4774271","181667","76809",2020-10-01,200,200,"","",,,,2021-10-25 00:00:00,2021-10-25 00:00:00,"889",,"0F586E2B583A62AB36721CC24F3C7442"
"4774272","181470","76805",2020-10-01,200,200,"","",,,,2021-10-25 00:00:00,2021-10-25 00:00:00,"889",,"0F586E2B583A62AB36721CC24F3C7442"
"4774273","181467","76802",2020-10-01,200,200,"","",,,,2021-10-25 00:00:00,2021-10-25 00:00:00,"889",,"0F586E2B583A62AB36721CC24F3C7442"
"4774274","181448","76774",2020-10-01,200,200,"","",,,,2021-10-25 00:00:00,2021-10-25 00:00:00,"889",,"0F586E2B583A62AB36721CC24F3C7442"
"4774275","181456","76787",2020-10-01,200,200,"","",,,,2021-10-25 00:00:00,2021-10-25 00:00:00,"889",,"0F586E2B583A62AB36721CC24F3C7442"
"4774276","181457","76788",2020-10-01,200,200,"","",,,,2021-10-25 00:00:00,2021-10-25 00:00:00,"889",,"0F586E2B583A62AB36721CC24F3C7442"
"4774277","181466","76801",2020-10-01,200,200,"","",,,,2021-10-25 00:00:00,2021-10-25 00:00:00,"889",,"0F586E2B583A62AB36721CC24F3C7442"
"4774278","181462","76797",2020-10-01,200,200,"","",,,,2021-10-25 00:00:00,2021-10-25 00:00:00,"889",,"0F586E2B583A62AB36721CC24F3C7442"
"4774279","181455","76786",2020-10-01,200,200,"","",,,,2021-10-25 00:00:00,2021-10-25 00:00:00,"889",,"0F586E2B583A62AB36721CC24F3C7442"
"4774280","181469","76804",2020-10-01,200,200,"","",,,,2021-10-25 00:00:00,2021-10-25 00:00:00,"889",,"0F586E2B583A62AB36721CC24F3C7442"
"4774281","181451","76778",2020-10-01,200,200,"","",,,,2021-10-25 00:00:00,2021-10-25 00:00:00,"889",,"0F586E2B583A62AB36721CC24F3C7442"
"4774282","181452","76779",2020-10-01,200,200,"","",,,,2021-10-25 00:00:00,2021-10-25 00:00:00,"889",,"0F586E2B583A62AB36721CC24F3C7442"
"4774283","181471","76806",2020-10-01,200,200,"","",,,,2021-10-25 00:00:00,2021-10-25 00:00:00,"889",,"0F586E2B583A62AB36721CC24F3C7442"
"4774284","181465","76800",2020-10-01,200,200,"","",,,,2021-10-25 00:00:00,2021-10-25 00:00:00,"889",,"0F586E2B583A62AB36721CC24F3C7442"
"4774285","181449","76776",2020-10-01,200,200,"","",,,,2021-10-25 00:00:00,2021-10-25 00:00:00,"889",,"0F586E2B583A62AB36721CC24F3C7442"
"4774286","181472","76807",2020-10-01,200,200,"","",,,,2021-10-25 00:00:00,2021-10-25 00:00:00,"889",,"0F586E2B583A62AB36721CC24F3C7442"
"4774287","181461","76795",2020-10-01,200,200,"","",,,,2021-10-25 00:00:00,2021-10-25 00:00:00,"889",,"0F586E2B583A62AB36721CC24F3C7442"
"4774288","181459","76791",2020-10-01,200,200,"","",,,,2021-10-25 00:00:00,2021-10-25 00:00:00,"889",,"0F586E2B583A62AB36721CC24F3C7442"
"4774289","181473","76808",2020-10-02,200,200,"","",,,,2021-10-25 00:00:00,2021-10-25 00:00:00,"889",,"0F586E2B583A62AB36721CC24F3C7442"
"4774290","181460","76793",2020-10-02,200,200,"","",,,,2021-10-25 00:00:00,2021-10-25 00:00:00,"889",,"0F586E2B583A62AB36721CC24F3C7442"
"4774291","181453","76781",2020-10-02,200,200,"","",,,,2021-10-25 00:00:00,2021-10-25 00:00:00,"889",,"0F586E2B583A62AB36721CC24F3C7442"
"4774292","181468","76803",2020-10-02,200,200,"","",,,,2021-10-25 00:00:00,2021-10-25 00:00:00,"889",,"0F586E2B583A62AB36721CC24F3C7442"
"4774293","181450","76777",2020-10-02,200,200,"","",,,,2021-10-25 00:00:00,2021-10-25 00:00:00,"889",,"0F586E2B583A62AB36721CC24F3C7442"
"4774294","181464","76799",2020-10-02,200,200,"","",,,,2021-10-25 00:00:00,2021-10-25 00:00:00,"889",,"0F586E2B583A62AB36721CC24F3C7442"
"4774295","181463","76798",2020-10-02,200,200,"","",,,,2021-10-25 00:00:00,2021-10-25 00:00:00,"889",,"0F586E2B583A62AB36721CC24F3C7442"
"4774296","181454","76783",2020-10-02,200,200,"","",,,,2021-10-25 00:00:00,2021-10-25 00:00:00,"889",,"0F586E2B583A62AB36721CC24F3C7442"
"4774297","181458","76789",2020-10-02,200,200,"","",,,,2021-10-25 00:00:00,2021-10-25 00:00:00,"889",,"0F586E2B583A62AB36721CC24F3C7442"
"4774298","181667","76809",2020-10-02,200,200,"","",,,,2021-10-25 00:00:00,2021-10-25 00:00:00,"889",,"0F586E2B583A62AB36721CC24F3C7442"
"4774299","181470","76805",2020-10-02,200,200,"","",,,,2021-10-25 00:00:00,2021-10-25 00:00:00,"889",,"0F586E2B583A62AB36721CC24F3C7442"
"4774300","181467","76802",2020-10-02,200,200,"","",,,,2021-10-25 00:00:00,2021-10-25 00:00:00,"889",,"0F586E2B583A62AB36721CC24F3C7442"
"4774301","181448","76774",2020-10-02,200,200,"","",,,,2021-10-25 00:00:00,2021-10-25 00:00:00,"889",,"0F586E2B583A62AB36721CC24F3C7442"
"4774302","181456","76787",2020-10-02,200,200,"","",,,,2021-10-25 00:00:00,2021-10-25 00:00:00,"889",,"0F586E2B583A62AB36721CC24F3C7442"
"4774303","181457","76788",2020-10-02,200,200,"","",,,,2021-10-25 00:00:00,2021-10-25 00:00:00,"889",,"0F586E2B583A62AB36721CC24F3C7442"
"4774304","181466","76801",2020-10-02,200,200,"","",,,,2021-10-25 00:00:00,2021-10-25 00:00:00,"889",,"0F586E2B583A62AB36721CC24F3C7442"
"4774305","181462","76797",2020-10-02,200,200,"","",,,,2021-10-25 00:00:00,2021-10-25 00:00:00,"889",,"0F586E2B583A62AB36721CC24F3C7442"
"4774306","181455","76786",2020-10-02,200,200,"","",,,,2021-10-25 00:00:00,2021-10-25 00:00:00,"889",,"0F586E2B583A62AB36721CC24F3C7442"
"4774307","181469","76804",2020-10-02,200,200,"","",,,,2021-10-25 00:00:00,2021-10-25 00:00:00,"889",,"0F586E2B583A62AB36721CC24F3C7442"
"4774308","181451","76778",2020-10-02,200,200,"","",,,,2021-10-25 00:00:00,2021-10-25 00:00:00,"889",,"0F586E2B583A62AB36721CC24F3C7442"
"4774309","181452","76779",2020-10-02,200,200,"","",,,,2021-10-25 00:00:00,2021-10-25 00:00:00,"889",,"0F586E2B583A62AB36721CC24F3C7442"
"4774310","181471","76806",2020-10-02,200,200,"","",,,,2021-10-25 00:00:00,2021-10-25 00:00:00,"889",,"0F586E2B583A62AB36721CC24F3C7442"
"4774311","181465","76800",2020-10-02,200,200,"","",,,,2021-10-25 00:00:00,2021-10-25 00:00:00,"889",,"0F586E2B583A62AB36721CC24F3C7442"
"4774312","181449","76776",2020-10-02,200,200,"","",,,,2021-10-25 00:00:00,2021-10-25 00:00:00,"889",,"0F586E2B583A62AB36721CC24F3C7442"
"4774313","181472","76807",2020-10-02,200,200,"","",,,,2021-10-25 00:00:00,2021-10-25 00:00:00,"889",,"0F586E2B583A62AB36721CC24F3C7442"
"4774314","181461","76795",2020-10-02,200,200,"","",,,,2021-10-25 00:00:00,2021-10-25 00:00:00,"889",,"0F586E2B583A62AB36721CC24F3C7442"
"4774315","181459","76791",2020-10-02,200,200,"","",,,,2021-10-25 00:00:00,2021-10-25 00:00:00,"889",,"0F586E2B583A62AB36721CC24F3C7442"
"4774316","181451_26107","76780",2020-10-25,200,200,"","",,,,2021-10-25 00:00:00,2021-10-25 00:00:00,"889",,"0F586E2B583A62AB36721CC24F3C7442"
"4774317","181451_26107","76780",2020-10-26,200,200,"","",,,,2021-10-25 00:00:00,2021-10-25 00:00:00,"889",,"0F586E2B583A62AB36721CC24F3C7442"
"4774318","181451_26107","76780",2020-10-27,200,200,"","",,,,2021-10-25 00:00:00,2021-10-25 00:00:00,"889",,"0F586E2B583A62AB36721CC24F3C7442"
"4774319","181451_26107","76780",2020-10-27,200,200,"","",,,,2021-10-25 00:00:00,2021-10-25 00:00:00,"889",,"0F586E2B583A62AB36721CC24F3C7442"
"4774320","181451_26107","76780",2020-10-28,200,200,"","",,,,2021-10-25 00:00:00,2021-10-25 00:00:00,"889",,"0F586E2B583A62AB36721CC24F3C7442"
"4774321","181451_26107","76780",2020-10-29,200,200,"","",,,,2021-10-25 00:00:00,2021-10-25 00:00:00,"889",,"0F586E2B583A62AB36721CC24F3C7442"
"4774322","181448_26106","76775",2020-10-25,200,200,"","",,,,2021-10-25 00:00:00,2021-10-25 00:00:00,"889",,"0F586E2B583A62AB36721CC24F3C7442"
"4774323","181448_26106","76775",2020-10-22,200,200,"","",,,,2021-10-25 00:00:00,2021-10-25 00:00:00,"889",,"0F586E2B583A62AB36721CC24F3C7442"
"4774324","181448_26106","76775",2020-10-23,200,200,"","",,,,2021-10-25 00:00:00,2021-10-25 00:00:00,"889",,"0F586E2B583A62AB36721CC24F3C7442"
"4774325","181448_26106","76775",2020-10-30,200,200,"","",,,,2021-10-25 00:00:00,2021-10-25 00:00:00,"889",,"0F586E2B583A62AB36721CC24F3C7442"
"4774326","181448_26106","76775",2020-10-31,200,200,"","",,,,2021-10-25 00:00:00,2021-10-25 00:00:00,"889",,"0F586E2B583A62AB36721CC24F3C7442"
"4774327","181448_26106","76775",2020-11-02,200,200,"","",,,,2021-10-25 00:00:00,2021-10-25 00:00:00,"889",,"0F586E2B583A62AB36721CC24F3C7442"
"4774328","181448_26106","76775",2020-11-05,200,200,"","",,,,2021-10-25 00:00:00,2021-10-25 00:00:00,"889",,"0F586E2B583A62AB36721CC24F3C7442"
"4774329","181453_26109","76782",2020-10-20,200,200,"","",,,,2021-10-25 00:00:00,2021-10-25 00:00:00,"889",,"0F586E2B583A62AB36721CC24F3C7442"
"4774330","181453_26109","76782",2020-10-25,200,200,"","",,,,2021-10-25 00:00:00,2021-10-25 00:00:00,"889",,"0F586E2B583A62AB36721CC24F3C7442"
"4774331","181453_26109","76782",2020-12-04,200,200,"","",,,,2021-10-25 00:00:00,2021-10-25 00:00:00,"889",,"0F586E2B583A62AB36721CC24F3C7442"
"4774332","181453_26109","76782",2020-11-15,200,200,"","",,,,2021-10-25 00:00:00,2021-10-25 00:00:00,"889",,"0F586E2B583A62AB36721CC24F3C7442"
"4774333","181453_26109","76782",2020-11-07,200,200,"","",,,,2021-10-25 00:00:00,2021-10-25 00:00:00,"889",,"0F586E2B583A62AB36721CC24F3C7442"
"4774334","181454_26110","76784",2020-10-25,200,200,"","",,,,2021-10-25 00:00:00,2021-10-25 00:00:00,"889",,"0F586E2B583A62AB36721CC24F3C7442"
"4774335","181454_26110","76784",2020-11-01,200,200,"","",,,,2021-10-25 00:00:00,2021-10-25 00:00:00,"889",,"0F586E2B583A62AB36721CC24F3C7442"
"4774336","181454_26110","76784",2020-12-01,200,200,"","",,,,2021-10-25 00:00:00,2021-10-25 00:00:00,"889",,"0F586E2B583A62AB36721CC24F3C7442"
"4774337","181454_26111","76785",2020-10-15,200,200,"","",,,,2021-10-25 00:00:00,2021-10-25 00:00:00,"889",,"0F586E2B583A62AB36721CC24F3C7442"
"4774338","181454_26111","76785",2020-10-25,200,200,"","",,,,2021-10-25 00:00:00,2021-10-25 00:00:00,"889",,"0F586E2B583A62AB36721CC24F3C7442"
"4774339","181454_26111","76785",2020-10-26,200,200,"","",,,,2021-10-25 00:00:00,2021-10-25 00:00:00,"889",,"0F586E2B583A62AB36721CC24F3C7442"
"4774340","181454_26111","76785",2020-10-28,200,200,"","",,,,2021-10-25 00:00:00,2021-10-25 00:00:00,"889",,"0F586E2B583A62AB36721CC24F3C7442"
"4774341","181451_26108","76790",2021-02-25,200,200,"","",,,,2021-10-25 00:00:00,2021-10-25 00:00:00,"889",,"0F586E2B583A62AB36721CC24F3C7442"
"4774342","181451_26108","76790",2021-02-26,200,200,"","",,,,2021-10-25 00:00:00,2021-10-25 00:00:00,"889",,"0F586E2B583A62AB36721CC24F3C7442"
"4774343","181451_26108","76790",2021-02-27,200,200,"","",,,,2021-10-25 00:00:00,2021-10-25 00:00:00,"889",,"0F586E2B583A62AB36721CC24F3C7442"
"4774344","181459_26112","76792",2021-06-25,200,200,"","",,,,2021-10-25 00:00:00,2021-10-25 00:00:00,"889",,"0F586E2B583A62AB36721CC24F3C7442"
"4774345","181459_26112","76792",2021-06-26,200,200,"","",,,,2021-10-25 00:00:00,2021-10-25 00:00:00,"889",,"0F586E2B583A62AB36721CC24F3C7442"
"4774346","181459_26112","76792",2021-06-27,200,200,"","",,,,2021-10-25 00:00:00,2021-10-25 00:00:00,"889",,"0F586E2B583A62AB36721CC24F3C7442"
"4774347","181459_26112","76792",2021-06-28,200,200,"","",,,,2021-10-25 00:00:00,2021-10-25 00:00:00,"889",,"0F586E2B583A62AB36721CC24F3C7442"
"4774348","181460_26113","76794",2020-10-25,200,200,"","",,,,2021-10-25 00:00:00,2021-10-25 00:00:00,"889",,"0F586E2B583A62AB36721CC24F3C7442"
"4774349","181460_26113","76794",2020-10-26,200,200,"","",,,,2021-10-25 00:00:00,2021-10-25 00:00:00,"889",,"0F586E2B583A62AB36721CC24F3C7442"
"4774350","181460_26113","76794",2020-10-27,200,200,"","",,,,2021-10-25 00:00:00,2021-10-25 00:00:00,"889",,"0F586E2B583A62AB36721CC24F3C7442"
"4774351","181460_26113","76794",2020-10-28,200,200,"","",,,,2021-10-25 00:00:00,2021-10-25 00:00:00,"889",,"0F586E2B583A62AB36721CC24F3C7442"
"4774352","181460_26113","76794",2020-10-29,200,200,"","",,,,2021-10-25 00:00:00,2021-10-25 00:00:00,"889",,"0F586E2B583A62AB36721CC24F3C7442"
"4774353","181460_26114","76796",2020-10-25,200,200,"","",,,,2021-10-25 00:00:00,2021-10-25 00:00:00,"889",,"0F586E2B583A62AB36721CC24F3C7442"
"4774354","181460_26114","76796",2020-10-24,200,200,"","",,,,2021-10-25 00:00:00,2021-10-25 00:00:00,"889",,"0F586E2B583A62AB36721CC24F3C7442"
"4774355","181460_26114","76796",2020-10-23,200,200,"","",,,,2021-10-25 00:00:00,2021-10-25 00:00:00,"889",,"0F586E2B583A62AB36721CC24F3C7442"
"4774356","181460_26114","76796",2020-10-20,200,200,"","",,,,2021-10-25 00:00:00,2021-10-25 00:00:00,"889",,"0F586E2B583A62AB36721CC24F3C7442"
